wav_filename,wav_filesize,transcript
clips/001-001-94130.wav,210332,اِ۬لْحَمْدُ لِلهِ رَبِّ اِ۬لْعَٰلَمِينَ
clips/001_001_296226.wav,287810,اِ۬لْحَمْدُ لِلهِ رَبِّ اِ۬لْعَٰلَمِينَ
clips/001_001_304352.wav,536876,اِ۬لْحَمْدُ لِلهِ رَبِّ اِ۬لْعَٰلَمِينَ
clips/001_002_131027.wav,792620,اَ۬لرَّحْمَٰنِ اِ۬لرَّحِيمِ
clips/001_002_797319.wav,235860,اَ۬لرَّحْمَٰنِ اِ۬لرَّحِيمِ
clips/001_003_159557.wav,783404,مَلِكِ يَوْمِ اِ۬لدِّينِ
clips/001_003_277025.wav,334124,مَلِكِ يَوْمِ اِ۬لدِّينِ
clips/001_003_368881.wav,227662,مَلِكِ يَوْمِ اِ۬لدِّينِ
clips/001-003-30255.wav,146794,مَلِكِ يَوْمِ اِ۬لدِّينِ
clips/001_004_103123.wav,340820,إِيَّاكَ نَعْبُدُ وَإِيَّاكَ نَسْتَعِينُ
clips/001_004_646104.wav,306476,إِيَّاكَ نَعْبُدُ وَإِيَّاكَ نَسْتَعِينُ
clips/001_004_936239.wav,1170476,إِيَّاكَ نَعْبُدُ وَإِيَّاكَ نَسْتَعِينُ
clips/001-004-29163.wav,223478,إِيَّاكَ نَعْبُدُ وَإِيَّاكَ نَسْتَعِينُ
clips/001_005_241182.wav,334124,اُ۪هْدِنَا اَ۬لصِّرَٰطَ اَ۬لْمُسْتَقِيمَ
clips/001_005_370788.wav,926252,اُ۪هْدِنَا اَ۬لصِّرَٰطَ اَ۬لْمُسْتَقِيمَ
clips/001_005_712447.wav,288660,اُ۪هْدِنَا اَ۬لصِّرَٰطَ اَ۬لْمُسْتَقِيمَ
clips/001-005-66014.wav,207046,اُ۪هْدِنَا اَ۬لصِّرَٰطَ اَ۬لْمُسْتَقِيمَ
clips/001_006_340437.wav,352844,صِرَٰطَ اَ۬لذِينَ أَنْعَمْتَ عَلَيْهِمْ
clips/001_006_353789.wav,220544,صِرَٰطَ اَ۬لذِينَ أَنْعَمْتَ عَلَيْهِمْ
clips/001-006-54440.wav,164322,صِرَٰطَ اَ۬لذِينَ أَنْعَمْتَ عَلَيْهِمْ
clips/001_007_278749.wav,1769516,غَيْرِ اِ۬لْمَغْضُوبِ عَلَيْهِمْ وَلَا اَ۬لضَّآلِّينَ
clips/001_007_696404.wav,730124,غَيْرِ اِ۬لْمَغْضُوبِ عَلَيْهِمْ وَلَا اَ۬لضَّآلِّينَ
clips/001_007_719917.wav,560010,غَيْرِ اِ۬لْمَغْضُوبِ عَلَيْهِمْ وَلَا اَ۬لضَّآلِّينَ
clips/087_001-39103.wav,188330,سَبِّحِ اِ۪سْمَ رَبِّكَ اَ۬لَاعْلَي
clips/087_001_258935.wav,189132,سَبِّحِ اِ۪سْمَ رَبِّكَ اَ۬لَاعْلَي
clips/087_001_611731.wav,603692,سَبِّحِ اِ۪سْمَ رَبِّكَ اَ۬لَاعْلَي
clips/087_001_795805.wav,256688,سَبِّحِ اِ۪سْمَ رَبِّكَ اَ۬لَاعْلَي
clips/087_002-16934.wav,170038,اَ۬لذِے خَلَقَ فَسَوّ۪ىٰ
clips/087_002_355792.wav,608300,اَ۬لذِے خَلَقَ فَسَوّ۪ىٰ
clips/087_002_726232.wav,176798,اَ۬لذِے خَلَقَ فَسَوّ۪ىٰ
clips/087_003-57799.wav,175442,وَالذِے قَدَّرَ فَهَد۪ىٰ
clips/087_003_232361.wav,297260,وَالذِے قَدَّرَ فَهَد۪ىٰ
clips/087_003_567441.wav,714284,وَالذِے قَدَّرَ فَهَد۪ىٰ
clips/087_003_936332.wav,177668,وَالذِے قَدَّرَ فَهَد۪ىٰ
clips/087_004-19580.wav,234660,وَالذِےٓ أَخْرَجَ اَ۬لْمَرْع۪ىٰ
clips/087_004_245471.wav,532268,وَالذِےٓ أَخْرَجَ اَ۬لْمَرْع۪ىٰ
clips/087_004_518402.wav,253550,وَالذِےٓ أَخْرَجَ اَ۬لْمَرْع۪ىٰ
clips/087_004_880034.wav,1092140,وَالذِےٓ أَخْرَجَ اَ۬لْمَرْع۪ىٰ
clips/087_005-37374.wav,246514,فَجَعَلَهُۥ غُثَآءً اَحْو۪ىٰ
clips/087_006-59672.wav,197844,سَنُقْرِئُكَ فَلَا تَنس۪ىٰٓ
clips/087_006_450514.wav,539180,سَنُقْرِئُكَ فَلَا تَنس۪ىٰٓ
clips/087_006_453680.wav,213126,سَنُقْرِئُكَ فَلَا تَنس۪ىٰٓ
clips/087_007-28364.wav,568484,إِلَّا مَا شَآءَ اَ۬للَّهُ إِنَّهُۥ يَعْلَمُ اُ۬لْجَهْرَ وَمَا يَخْف۪ىٰ
clips/087_007_129791.wav,2253356,إِلَّا مَا شَآءَ اَ۬للَّهُ إِنَّهُۥ يَعْلَمُ اُ۬لْجَهْرَ وَمَا يَخْف۪ىٰ
clips/087_007_209681.wav,1004588,إِلَّا مَا شَآءَ اَ۬للَّهُ إِنَّهُۥ يَعْلَمُ اُ۬لْجَهْرَ وَمَا يَخْف۪ىٰ
clips/087_007_883291.wav,580460,إِلَّا مَا شَآءَ اَ۬للَّهُ إِنَّهُۥ يَعْلَمُ اُ۬لْجَهْرَ وَمَا يَخْف۪ىٰ
clips/087_008-47683.wav,188626,وَنُيَسِّرُكَ لِلْيُسْر۪ىٰ
clips/087_008_594213.wav,682028,وَنُيَسِّرُكَ لِلْيُسْر۪ىٰ
clips/087_008_850335.wav,228140,وَنُيَسِّرُكَ لِلْيُسْر۪ىٰ
clips/087_008_968364.wav,181752,وَنُيَسِّرُكَ لِلْيُسْر۪ىٰ
clips/087_009_481187.wav,1069100,فَذَكِّرِ اِن نَّفَعَتِ اِ۬لذِّكْر۪ىٰ
clips/087_009_588080.wav,253258,فَذَكِّرِ اِن نَّفَعَتِ اِ۬لذِّكْر۪ىٰ
clips/087_009_680358.wav,327212,فَذَكِّرِ اِن نَّفَعَتِ اِ۬لذِّكْر۪ىٰ
clips/087_010-38441.wav,207450,سَيَذَّكَّرُ مَنْ يَّخْش۪ىٰ
clips/087_010_115642.wav,274220,سَيَذَّكَّرُ مَنْ يَّخْش۪ىٰ
clips/087_010_443046.wav,847916,سَيَذَّكَّرُ مَنْ يَّخْش۪ىٰ
clips/087_010_748757.wav,208356,سَيَذَّكَّرُ مَنْ يَّخْش۪ىٰ
clips/087_011-23918.wav,176088,وَيَتَجَنَّبُهَا اَ۬لَاشْقَي
clips/087_011_219958.wav,218924,وَيَتَجَنَّبُهَا اَ۬لَاشْقَي
clips/087_011_504401.wav,792620,وَيَتَجَنَّبُهَا اَ۬لَاشْقَي
clips/087_011_654824.wav,199306,وَيَتَجَنَّبُهَا اَ۬لَاشْقَي
clips/087_012-26162.wav,244924,اَ۬لذِے يَصْلَى اَ۬لنَّارَ اَ۬لْكُبْر۪ىٰ
clips/087_012_435983.wav,366380,اَ۬لذِے يَصْلَى اَ۬لنَّارَ اَ۬لْكُبْر۪ىٰ
clips/087_012_554054.wav,949292,اَ۬لذِے يَصْلَى اَ۬لنَّارَ اَ۬لْكُبْر۪ىٰ
clips/087_012_965730.wav,267550,اَ۬لذِے يَصْلَى اَ۬لنَّارَ اَ۬لْكُبْر۪ىٰ
clips/087_013-89161.wav,298338,ثُمَّ لَا يَمُوتُ فِيهَا وَلَا يَحْي۪ىٰ
clips/087_013_618657.wav,1175084,ثُمَّ لَا يَمُوتُ فِيهَا وَلَا يَحْي۪ىٰ
clips/087_014_229514.wav,898604,قَدَ اَفْلَحَ مَن تَزَكّ۪ىٰ
clips/087_014_480633.wav,209760,قَدَ اَفْلَحَ مَن تَزَكّ۪ىٰ
clips/087_014_679075.wav,262700,قَدَ اَفْلَحَ مَن تَزَكّ۪ىٰ
clips/087_015-38510.wav,215458,وَذَكَرَ اَ۪سْمَ رَبِّهِۦ فَصَلّ۪ىٰ
clips/087_015_204799.wav,834092,وَذَكَرَ اَ۪سْمَ رَبِّهِۦ فَصَلّ۪ىٰ
clips/087_015_394466.wav,216404,وَذَكَرَ اَ۪سْمَ رَبِّهِۦ فَصَلّ۪ىٰ
clips/087_015_692806.wav,338732,وَذَكَرَ اَ۪سْمَ رَبِّهِۦ فَصَلّ۪ىٰ
clips/087_016-15817.wav,249700,بَلْ تُوثِرُونَ اَ۬لْحَيَوٰةَ اَ۬لدُّنْي۪ا
clips/087_016_178420.wav,926252,بَلْ تُوثِرُونَ اَ۬لْحَيَوٰةَ اَ۬لدُّنْي۪ا
clips/087_017-30848.wav,272418,وَالَاخِرَةُ خَيْرٞ وَأَبْق۪ىٰٓ
clips/087_017_265684.wav,336428,وَالَاخِرَةُ خَيْرٞ وَأَبْق۪ىٰٓ
clips/087_017_300830.wav,306646,وَالَاخِرَةُ خَيْرٞ وَأَبْق۪ىٰٓ
clips/087_017_737565.wav,1152044,وَالَاخِرَةُ خَيْرٞ وَأَبْق۪ىٰٓ
clips/087_018_895210.wav,361772,إِنَّ هَٰذَا لَفِے اِ۬لصُّحُفِ اِ۬لُاول۪ىٰ
clips/087_018_998962.wav,296300,إِنَّ هَٰذَا لَفِے اِ۬لصُّحُفِ اِ۬لُاول۪ىٰ
clips/087_019-78750.wav,235318,صُحُفِ إِبْرَٰهِيمَ وَمُوس۪ىٰ
clips/087_019_308019.wav,801836,صُحُفِ إِبْرَٰهِيمَ وَمُوس۪ىٰ
clips/087_019_479649.wav,334124,صُحُفِ إِبْرَٰهِيمَ وَمُوس۪ىٰ
clips/088_001-18999.wav,144956,هَلَ اَت۪يٰكَ حَدِيثُ اُ۬لْغَٰشِيَةِ
clips/088_001_145969.wav,769580,هَلَ اَت۪يٰكَ حَدِيثُ اُ۬لْغَٰشِيَةِ
clips/088_001_812992.wav,199598,هَلَ اَت۪يٰكَ حَدِيثُ اُ۬لْغَٰشِيَةِ
clips/088_002_221910.wav,190124,وُجُوهٞ يَوْمَئِذٍ خَٰشِعَةٌ
clips/088_002_222538.wav,995372,وُجُوهٞ يَوْمَئِذٍ خَٰشِعَةٌ
clips/088_002_958037.wav,232944,وُجُوهٞ يَوْمَئِذٍ خَٰشِعَةٌ
clips/088_003-38436.wav,129418,عَامِلَةٞ نَّاصِبَةٞ
clips/088_003_152509.wav,195206,عَامِلَةٞ نَّاصِبَةٞ
clips/088_003_662767.wav,741932,عَامِلَةٞ نَّاصِبَةٞ
clips/088_003_772339.wav,155564,عَامِلَةٞ نَّاصِبَةٞ
clips/088_004-18422.wav,138374,تَصْلَىٰ نَاراً حَامِيَةٗ
clips/088_004_186822.wav,163628,تَصْلَىٰ نَاراً حَامِيَةٗ
clips/088_004_321617.wav,691244,تَصْلَىٰ نَاراً حَامِيَةٗ
clips/088_004_963196.wav,168338,تَصْلَىٰ نَاراً حَامِيَةٗ
clips/088_005-33911.wav,181720,تُسْق۪ىٰ مِنْ عَيْنٍ اٰنِيَةٖ
clips/088_005_511329.wav,981548,تُسْق۪ىٰ مِنْ عَيْنٍ اٰنِيَةٖ
clips/088_005_758680.wav,150956,تُسْق۪ىٰ مِنْ عَيْنٍ اٰنِيَةٖ
clips/088_005_876911.wav,250288,تُسْق۪ىٰ مِنْ عَيْنٍ اٰنِيَةٖ
clips/088_006-60549.wav,240120,لَّيْسَ لَهُمْ طَعَامٌ اِلَّا مِن ضَرِيعٖ
clips/088_006_297113.wav,317622,لَّيْسَ لَهُمْ طَعَامٌ اِلَّا مِن ضَرِيعٖ
clips/088_006_402346.wav,1442348,لَّيْسَ لَهُمْ طَعَامٌ اِلَّا مِن ضَرِيعٖ
clips/088_006_800864.wav,252332,لَّيْسَ لَهُمْ طَعَامٌ اِلَّا مِن ضَرِيعٖ
clips/088_007-86454.wav,233590,لَّا يُسْمِنُ وَلَا يُغْنِے مِن جُوعٖ
clips/088_007_296499.wav,1313324,لَّا يُسْمِنُ وَلَا يُغْنِے مِن جُوعٖ
clips/088_007_400488.wav,316188,لَّا يُسْمِنُ وَلَا يُغْنِے مِن جُوعٖ
clips/088_008-12661.wav,202986,وُجُوهٞ يَوْمَئِذٖ نَّاعِمَةٞ
clips/088_008_264257.wav,225836,وُجُوهٞ يَوْمَئِذٖ نَّاعِمَةٞ
clips/088_009_335841.wav,102572,لِّسَعْيِهَا رَاضِيَةٞ
clips/088_009_452661.wav,153302,لِّسَعْيِهَا رَاضِيَةٞ
clips/088_009_984239.wav,608300,لِّسَعْيِهَا رَاضِيَةٞ
clips/088_010-86179.wav,147212,فِے جَنَّةٍ عَالِيَةٖ
clips/088_010_165366.wav,223398,فِے جَنَّةٍ عَالِيَةٖ
clips/088_010_796417.wav,824876,فِے جَنَّةٍ عَالِيَةٖ
clips/088_010_922620.wav,177452,فِے جَنَّةٍ عَالِيَةٖ
clips/088_011-15164.wav,172580,لَّا تُسْمَعُ فِيهَا لَٰغِيَةٞ
clips/088_011_295566.wav,204184,لَّا تُسْمَعُ فِيهَا لَٰغِيَةٞ
clips/088_011_828300.wav,728108,لَّا تُسْمَعُ فِيهَا لَٰغِيَةٞ
clips/088_012-91338.wav,161692,فِيهَا عَيْنٞ جَارِيَةٞ
clips/088_012_117688.wav,199340,فِيهَا عَيْنٞ جَارِيَةٞ
clips/088_012_340439.wav,870956,فِيهَا عَيْنٞ جَارِيَةٞ
clips/088_012_857493.wav,211884,فِيهَا عَيْنٞ جَارِيَةٞ
clips/088_013_432032.wav,232238,فِيهَا سُرُرٞ مَّرْفُوعَةٞ
clips/088_013_438596.wav,163628,فِيهَا سُرُرٞ مَّرْفُوعَةٞ
clips/088_013_936346.wav,880172,فِيهَا سُرُرٞ مَّرْفُوعَةٞ
clips/088_014-24562.wav,155148,وَأَكْوَابٞ مَّوْضُوعَةٞ
clips/088_014_277441.wav,838700,وَأَكْوَابٞ مَّوْضُوعَةٞ
clips/088_014_448077.wav,215874,وَأَكْوَابٞ مَّوْضُوعَةٞ
clips/088_014_485211.wav,155564,وَأَكْوَابٞ مَّوْضُوعَةٞ
clips/088_015-16188.wav,128746,وَنَمَارِقُ مَصْفُوفَةٞ
clips/088_015_761738.wav,626732,وَنَمَارِقُ مَصْفُوفَةٞ
clips/088_015_784970.wav,119852,وَنَمَارِقُ مَصْفُوفَةٞ
clips/088_016-78151.wav,149544,وَزَرَابِيُّ مَبْثُوثَةٌ
clips/088_016_118997.wav,686636,وَزَرَابِيُّ مَبْثُوثَةٌ
clips/088_016_140366.wav,146348,وَزَرَابِيُّ مَبْثُوثَةٌ
clips/088_016_846066.wav,188684,وَزَرَابِيُّ مَبْثُوثَةٌ
clips/088_017-29550.wav,243624,اَفَلَا يَنظُرُونَ إِلَى اَ۬لِابِلِ كَيْفَ خُلِقَتْ
clips/088_017_533066.wav,328830,اَفَلَا يَنظُرُونَ إِلَى اَ۬لِابِلِ كَيْفَ خُلِقَتْ
clips/088_017_863056.wav,235052,اَفَلَا يَنظُرُونَ إِلَى اَ۬لِابِلِ كَيْفَ خُلِقَتْ
clips/088_018-23914.wav,207770,وَإِلَى اَ۬لسَّمَآءِ كَيْفَ رُفِعَتْ
clips/088_018_502054.wav,313388,وَإِلَى اَ۬لسَّمَآءِ كَيْفَ رُفِعَتْ
clips/088_019-32417.wav,151460,وَإِلَى اَ۬لْجِبَالِ كَيْفَ نُصِبَتْ
clips/088_019_254974.wav,760364,وَإِلَى اَ۬لْجِبَالِ كَيْفَ نُصِبَتْ
clips/088_019_761753.wav,163628,وَإِلَى اَ۬لْجِبَالِ كَيْفَ نُصِبَتْ
clips/088_020-81193.wav,139200,وَإِلَى اَ۬لَارْضِ كَيْفَ سُطِحَتْ
clips/088_020_320560.wav,186230,وَإِلَى اَ۬لَارْضِ كَيْفَ سُطِحَتْ
clips/088_020_349345.wav,695852,وَإِلَى اَ۬لَارْضِ كَيْفَ سُطِحَتْ
clips/088_020_780836.wav,155564,وَإِلَى اَ۬لَارْضِ كَيْفَ سُطِحَتْ
clips/088_021-11655.wav,272430,فَذَكِّرِ اِنَّمَآ أَنتَ مُذَكِّرٞ
clips/088_021_303775.wav,344492,فَذَكِّرِ اِنَّمَآ أَنتَ مُذَكِّرٞ
clips/088_021_422876.wav,1566764,فَذَكِّرِ اِنَّمَآ أَنتَ مُذَكِّرٞ
clips/088_021_562598.wav,363256,فَذَكِّرِ اِنَّمَآ أَنتَ مُذَكِّرٞ
clips/088_022-33146.wav,155384,لَّسْتَ عَلَيْهِم بِمُصَيْطِرٍ
clips/088_022_751133.wav,218418,لَّسْتَ عَلَيْهِم بِمُصَيْطِرٍ
clips/088_023-89626.wav,165224,اِلَّا مَن تَوَلّ۪ىٰ وَكَفَرَ
clips/088_023_557387.wav,180908,اِلَّا مَن تَوَلّ۪ىٰ وَكَفَرَ
clips/088_023_694435.wav,1023020,اِلَّا مَن تَوَلّ۪ىٰ وَكَفَرَ
clips/088_023_777443.wav,233400,اِلَّا مَن تَوَلّ۪ىٰ وَكَفَرَ
clips/088_024-94004.wav,203306,فَيُعَذِّبُهُ اُ۬للَّهُ اُ۬لْعَذَابَ اَ۬لَاكْبَرَ
clips/088_024_331399.wav,200492,فَيُعَذِّبُهُ اُ۬للَّهُ اُ۬لْعَذَابَ اَ۬لَاكْبَرَ
clips/088_024_415360.wav,949292,فَيُعَذِّبُهُ اُ۬للَّهُ اُ۬لْعَذَابَ اَ۬لَاكْبَرَ
clips/088_024_752962.wav,255410,فَيُعَذِّبُهُ اُ۬للَّهُ اُ۬لْعَذَابَ اَ۬لَاكْبَرَ
clips/088_025-32275.wav,211616,إِنَّ إِلَيْنَآ إِيَابَهُمْ
clips/088_025_746658.wav,284748,إِنَّ إِلَيْنَآ إِيَابَهُمْ
clips/088_025_759949.wav,293804,إِنَّ إِلَيْنَآ إِيَابَهُمْ
clips/088_025_994117.wav,1179692,إِنَّ إِلَيْنَآ إِيَابَهُمْ
clips/088_026_746893.wav,221228,ثُمَّ إِنَّ عَلَيْنَا حِسَابَهُمْ
clips/089_001_528768.wav,87244,وَالْفَجْرِ
clips/089_001_540795.wav,359468,وَالْفَجْرِ
clips/089_001_787033.wav,56942,وَالْفَجْرِ
clips/089_002-25957.wav,89378,وَلَيَالٍ عَشْرٖ
clips/089_002_599581.wav,127726,وَلَيَالٍ عَشْرٖ
clips/089_002_851275.wav,479276,وَلَيَالٍ عَشْرٖ
clips/089_002_910810.wav,84140,وَلَيَالٍ عَشْرٖ
clips/089_003_457379.wav,137818,وَالشَّفْعِ وَالْوَتْرِ
clips/089_003_634390.wav,553004,وَالشَّفْعِ وَالْوَتْرِ
clips/089_003_714881.wav,102572,وَالشَّفْعِ وَالْوَتْرِ
clips/089_004-31733.wav,113074,وَاليْلِ إِذَا يَسْرِۦ
clips/089_004_196622.wav,585260,وَاليْلِ إِذَا يَسْرِۦ
clips/089_004_342954.wav,124460,وَاليْلِ إِذَا يَسْرِۦ
clips/089_004_474277.wav,147436,وَاليْلِ إِذَا يَسْرِۦ
clips/089_005-79327.wav,201378,هَلْ فِے ذَٰلِكَ قَسَمٞ لِّذِے حِجْرٍ
clips/089_005_492766.wav,921644,هَلْ فِے ذَٰلِكَ قَسَمٞ لِّذِے حِجْرٍ
clips/089_006-31517.wav,232752,اَلَمْ تَرَ كَيْفَ فَعَلَ رَبُّكَ بِعَادٍ
clips/089_006_659539.wav,285606,اَلَمْ تَرَ كَيْفَ فَعَلَ رَبُّكَ بِعَادٍ
clips/089_007-96010.wav,160418,اِرَمَ ذَاتِ اِ۬لْعِمَادِ
clips/089_007_165162.wav,155564,اِرَمَ ذَاتِ اِ۬لْعِمَادِ
clips/089_007_997883.wav,213170,اِرَمَ ذَاتِ اِ۬لْعِمَادِ
clips/089_008-46895.wav,256224,اِ۬لتِے لَمْ يُخْلَقْ مِثْلُهَا فِے اِ۬لْبِلَٰدِ
clips/089_008_182167.wav,317440,اِ۬لتِے لَمْ يُخْلَقْ مِثْلُهَا فِے اِ۬لْبِلَٰدِ
clips/089_008_439737.wav,235052,اِ۬لتِے لَمْ يُخْلَقْ مِثْلُهَا فِے اِ۬لْبِلَٰدِ
clips/089_009-37326.wav,255778,وَثَمُودَ اَ۬لذِينَ جَابُواْ اُ۬لصَّخْرَ بِالْوَادِۦ
clips/089_009_122459.wav,320912,وَثَمُودَ اَ۬لذِينَ جَابُواْ اُ۬لصَّخْرَ بِالْوَادِۦ
clips/089_009_698801.wav,1198124,وَثَمُودَ اَ۬لذِينَ جَابُواْ اُ۬لصَّخْرَ بِالْوَادِۦ
clips/089_009_817947.wav,225836,وَثَمُودَ اَ۬لذِينَ جَابُواْ اُ۬لصَّخْرَ بِالْوَادِۦ
clips/089_010-16942.wav,156686,وَفِرْعَوْنَ ذِے اِ۬لَاوْتَادِ
clips/089_010_176711.wav,829484,وَفِرْعَوْنَ ذِے اِ۬لَاوْتَادِ
clips/089_010_329483.wav,222928,وَفِرْعَوْنَ ذِے اِ۬لَاوْتَادِ
clips/089_010_892133.wav,155564,وَفِرْعَوْنَ ذِے اِ۬لَاوْتَادِ
clips/089_011-48153.wav,188894,اِ۬لذِينَ طَغَوْاْ فِے اِ۬لْبِلَٰدِ
clips/089_011_185179.wav,253542,اِ۬لذِينَ طَغَوْاْ فِے اِ۬لْبِلَٰدِ
clips/089_011_405012.wav,163628,اِ۬لذِينَ طَغَوْاْ فِے اِ۬لْبِلَٰدِ
clips/089_011_430817.wav,986156,اِ۬لذِينَ طَغَوْاْ فِے اِ۬لْبِلَٰدِ
clips/089_012_752000.wav,177452,فَأَكْثَرُواْ فِيهَا اَ۬لْفَسَادَ
clips/089_012_799381.wav,981548,فَأَكْثَرُواْ فِيهَا اَ۬لْفَسَادَ
clips/089_012_895968.wav,262024,فَأَكْثَرُواْ فِيهَا اَ۬لْفَسَادَ
clips/089_013_124352.wav,331108,فَصَبَّ عَلَيْهِمْ رَبُّكَ سَوْطَ عَذَابٍ
clips/089_013_326370.wav,1198124,فَصَبَّ عَلَيْهِمْ رَبُّكَ سَوْطَ عَذَابٍ
clips/089_013_645538.wav,212012,فَصَبَّ عَلَيْهِمْ رَبُّكَ سَوْطَ عَذَابٍ
clips/089_014-92484.wav,217678,اِنَّ رَبَّكَ لَبِالْمِرْصَادِ
clips/089_014_688443.wav,1096748,اِنَّ رَبَّكَ لَبِالْمِرْصَادِ
clips/089_014_726441.wav,203948,اِنَّ رَبَّكَ لَبِالْمِرْصَادِ
clips/089_014_844619.wav,263616,اِنَّ رَبَّكَ لَبِالْمِرْصَادِ
clips/089_015-85697.wav,424422,فَأَمَّا اَ۬لِانسَٰنُ إِذَا مَا اَ۪بْتَل۪يٰهُ رَبُّهُۥ فَأَكْرَمَهُۥ وَنَعَّمَهُۥ
clips/089_015_226411.wav,1810988,فَأَمَّا اَ۬لِانسَٰنُ إِذَا مَا اَ۪بْتَل۪يٰهُ رَبُّهُۥ فَأَكْرَمَهُۥ وَنَعَّمَهُۥ
clips/089_015_607961.wav,396944,فَأَمَّا اَ۬لِانسَٰنُ إِذَا مَا اَ۪بْتَل۪يٰهُ رَبُّهُۥ فَأَكْرَمَهُۥ وَنَعَّمَهُۥ
clips/089_016-99061.wav,153378,فَيَقُولُ رَبِّيَ أَكْرَمَنِۦ
clips/089_016_581664.wav,150344,فَيَقُولُ رَبِّيَ أَكْرَمَنِۦ
clips/089_016_600629.wav,649772,فَيَقُولُ رَبِّيَ أَكْرَمَنِۦ
clips/089_016_829906.wav,249714,فَيَقُولُ رَبِّيَ أَكْرَمَنِۦ
clips/089_017_116235.wav,1622060,وَأَمَّآ إِذَا مَا اَ۪بْتَل۪يٰهُ فَقَدَرَ عَلَيْهِ رِزْقَهُۥ
clips/089_017_305009.wav,396944,وَأَمَّآ إِذَا مَا اَ۪بْتَل۪يٰهُ فَقَدَرَ عَلَيْهِ رِزْقَهُۥ
clips/089_017_836936.wav,410174,وَأَمَّآ إِذَا مَا اَ۪بْتَل۪يٰهُ فَقَدَرَ عَلَيْهِ رِزْقَهُۥ
clips/089_018-61835.wav,163118,فَيَقُولُ رَبِّيَ أَهَٰنَنِۦ
clips/089_018_218574.wav,640556,فَيَقُولُ رَبِّيَ أَهَٰنَنِۦ
clips/089_018_476041.wav,185498,فَيَقُولُ رَبِّيَ أَهَٰنَنِۦ
clips/089_019_163857.wav,199340,كَلَّا بَل لَّا تُكْرِمُونَ اَ۬لْيَتِيمَ
clips/089_019_768696.wav,1465388,كَلَّا بَل لَّا تُكْرِمُونَ اَ۬لْيَتِيمَ
clips/089_020-51113.wav,286068,وَلَا تَحُضُّونَ عَلَىٰ طَعَامِ اِ۬لْمِسْكِينِ
clips/089_020_200487.wav,1290284,وَلَا تَحُضُّونَ عَلَىٰ طَعَامِ اِ۬لْمِسْكِينِ
clips/089_020_339763.wav,230444,وَلَا تَحُضُّونَ عَلَىٰ طَعَامِ اِ۬لْمِسْكِينِ
clips/089_020_527074.wav,339664,وَلَا تَحُضُّونَ عَلَىٰ طَعَامِ اِ۬لْمِسْكِينِ
clips/089_021-32011.wav,246524,وَتَاكُلُونَ اَ۬لتُّرَاثَ أَكْلاٗ لَّمّاٗ
clips/089_021_278381.wav,1225772,وَتَاكُلُونَ اَ۬لتُّرَاثَ أَكْلاٗ لَّمّاٗ
clips/089_021_347090.wav,243116,وَتَاكُلُونَ اَ۬لتُّرَاثَ أَكْلاٗ لَّمّاٗ
clips/089_021_941033.wav,294026,وَتَاكُلُونَ اَ۬لتُّرَاثَ أَكْلاٗ لَّمّاٗ
clips/089_022-17782.wav,257024,وَتُحِبُّونَ اَ۬لْمَالَ حُبّاٗ جَمّاٗ
clips/089_022_116460.wav,1313324,وَتُحِبُّونَ اَ۬لْمَالَ حُبّاٗ جَمّاٗ
clips/089_022_788240.wav,256940,وَتُحِبُّونَ اَ۬لْمَالَ حُبّاٗ جَمّاٗ
clips/089_023-81342.wav,327522,كَلَّآ إِذَا دُكَّتِ اِ۬لَارْضُ دَكّاٗ دَكّاٗ
clips/089_023_654422.wav,1622060,كَلَّآ إِذَا دُكَّتِ اِ۬لَارْضُ دَكّاٗ دَكّاٗ
clips/089_023_886060.wav,389420,كَلَّآ إِذَا دُكَّتِ اِ۬لَارْضُ دَكّاٗ دَكّاٗ
clips/089_024-67581.wav,326192,وَجَآءَ رَبُّكَ وَالْمَلَكُ صَفّاٗ صَفّاٗ
clips/089_024_193759.wav,1626668,وَجَآءَ رَبُّكَ وَالْمَلَكُ صَفّاٗ صَفّاٗ
clips/089_024_792758.wav,414788,وَجَآءَ رَبُّكَ وَالْمَلَكُ صَفّاٗ صَفّاٗ
clips/089_025_306282.wav,1608236,وَجِےٓءَ يَوْمَئِذِۢ بِجَهَنَّمَ
clips/089_025_642863.wav,352844,وَجِےٓءَ يَوْمَئِذِۢ بِجَهَنَّمَ
clips/089_026_289855.wav,1852460,يَوْمَئِذٖ يَتَذَكَّرُ اُ۬لِانسَٰنُ وَأَنّ۪ىٰ لَهُ اُ۬لذِّكْر۪ىٰ
clips/089_026_576149.wav,499136,يَوْمَئِذٖ يَتَذَكَّرُ اُ۬لِانسَٰنُ وَأَنّ۪ىٰ لَهُ اُ۬لذِّكْر۪ىٰ
clips/089_026_859195.wav,686708,يَوْمَئِذٖ يَتَذَكَّرُ اُ۬لِانسَٰنُ وَأَنّ۪ىٰ لَهُ اُ۬لذِّكْر۪ىٰ
clips/089_027-13208.wav,257368,يَقُولُ يَٰلَيْتَنِے قَدَّمْتُ لِحَيَاتِے
clips/089_027_400005.wav,291552,يَقُولُ يَٰلَيْتَنِے قَدَّمْتُ لِحَيَاتِے
clips/089_027_811166.wav,1069100,يَقُولُ يَٰلَيْتَنِے قَدَّمْتُ لِحَيَاتِے
clips/089_028-93551.wav,283702,فَيَوْمَئِذٖ لَّا يُعَذِّبُ عَذَابَهُۥٓ أَحَدٞ
clips/089_028_238506.wav,1368620,فَيَوْمَئِذٖ لَّا يُعَذِّبُ عَذَابَهُۥٓ أَحَدٞ
clips/089_028_641000.wav,670508,فَيَوْمَئِذٖ لَّا يُعَذِّبُ عَذَابَهُۥٓ أَحَدٞ
clips/089_029_561105.wav,1184300,وَلَا يُوثِقُ وَثَاقَهُۥٓ أَحَدٞ
clips/089_029_866265.wav,310472,وَلَا يُوثِقُ وَثَاقَهُۥٓ أَحَدٞ
clips/089_030-76227.wav,298356,يَٰٓأَيَّتُهَا اَ۬لنَّفْسُ اُ۬لْمُطْمَئِنَّةُ
clips/089_030_572793.wav,1566764,يَٰٓأَيَّتُهَا اَ۬لنَّفْسُ اُ۬لْمُطْمَئِنَّةُ
clips/089_030_629164.wav,418814,يَٰٓأَيَّتُهَا اَ۬لنَّفْسُ اُ۬لْمُطْمَئِنَّةُ
clips/089_031-51205.wav,345390,اُ۪رْجِعِےٓ إِلَىٰ رَبِّكِ رَاضِيَةٗ مَّرْضِيَّةٗ
clips/089_031_549361.wav,408154,اُ۪رْجِعِےٓ إِلَىٰ رَبِّكِ رَاضِيَةٗ مَّرْضِيَّةٗ
clips/089_031_755960.wav,1571372,اُ۪رْجِعِےٓ إِلَىٰ رَبِّكِ رَاضِيَةٗ مَّرْضِيَّةٗ
clips/089_031_989191.wav,732716,اُ۪رْجِعِےٓ إِلَىٰ رَبِّكِ رَاضِيَةٗ مَّرْضِيَّةٗ
clips/089_032-32255.wav,279154,فَادْخُلِے فِے عِبَٰدِے وَادْخُلِے جَنَّتِے
clips/089_032_995654.wav,516140,فَادْخُلِے فِے عِبَٰدِے وَادْخُلِے جَنَّتِے
clips/090_001-13735.wav,211686,لَآ أُقْسِمُ بِهَٰذَا اَ۬لْبَلَدِ
clips/090_001_215523.wav,270760,لَآ أُقْسِمُ بِهَٰذَا اَ۬لْبَلَدِ
clips/090_001_717730.wav,1193516,لَآ أُقْسِمُ بِهَٰذَا اَ۬لْبَلَدِ
clips/090_002_199724.wav,308620,وَأَنتَ حِلُّۢ بِهَٰذَا اَ۬لْبَلَدِ
clips/090_002_900910.wav,442412,وَأَنتَ حِلُّۢ بِهَٰذَا اَ۬لْبَلَدِ
clips/090_003-46519.wav,145680,وَوَالِدٖ وَمَا وَلَدَ
clips/090_003_396421.wav,197144,وَوَالِدٖ وَمَا وَلَدَ
clips/090_003_928189.wav,861740,وَوَالِدٖ وَمَا وَلَدَ
clips/090_004_352124.wav,221228,لَقَدْ خَلَقْنَا اَ۬لِانسَٰنَ فِے كَبَدٍ
clips/090_004_785656.wav,999980,لَقَدْ خَلَقْنَا اَ۬لِانسَٰنَ فِے كَبَدٍ
clips/090_004_797633.wav,252748,لَقَدْ خَلَقْنَا اَ۬لِانسَٰنَ فِے كَبَدٍ
clips/090_005-31394.wav,221858,اَيَحْسِبُ أَن لَّنْ يَّقْدِرَ عَلَيْهِ أَحَدٞ
clips/090_005_716969.wav,238508,اَيَحْسِبُ أَن لَّنْ يَّقْدِرَ عَلَيْهِ أَحَدٞ
clips/090_005_877487.wav,1152044,اَيَحْسِبُ أَن لَّنْ يَّقْدِرَ عَلَيْهِ أَحَدٞ
clips/090_006-27630.wav,184160,يَقُولُ أَهْلَكْتُ مَالاٗ لُّبَداً
clips/090_006_406769.wav,838700,يَقُولُ أَهْلَكْتُ مَالاٗ لُّبَداً
clips/090_006_778823.wav,236476,يَقُولُ أَهْلَكْتُ مَالاٗ لُّبَداً
clips/090_006_884725.wav,194732,يَقُولُ أَهْلَكْتُ مَالاٗ لُّبَداً
clips/090_007-49273.wav,230592,اَيَحْسِبُ أَن لَّمْ يَرَهُۥٓ أَحَدٌ
clips/090_007_143214.wav,1133612,اَيَحْسِبُ أَن لَّمْ يَرَهُۥٓ أَحَدٌ
clips/090_008_506685.wav,292652,اَلَمْ نَجْعَل لَّهُۥ عَيْنَيْنِ
clips/090_009-10846.wav,176100,وَلِسَاناٗ وَشَفَتَيْنِ
clips/090_009_382613.wav,248102,وَلِسَاناٗ وَشَفَتَيْنِ
clips/090_009_586823.wav,407852,وَلِسَاناٗ وَشَفَتَيْنِ
clips/090_009_849463.wav,1055276,وَلِسَاناٗ وَشَفَتَيْنِ
clips/090_010_479810.wav,256188,وَهَدَيْنَٰهُ اُ۬لنَّجْدَيْنِ
clips/090_010_561401.wav,1101356,وَهَدَيْنَٰهُ اُ۬لنَّجْدَيْنِ
clips/090_010_832199.wav,308780,وَهَدَيْنَٰهُ اُ۬لنَّجْدَيْنِ
clips/090_011_227151.wav,152864,فَلَا اَ۪قْتَحَمَ اَ۬لْعَقَبَةَ
clips/090_011_547852.wav,580652,فَلَا اَ۪قْتَحَمَ اَ۬لْعَقَبَةَ
clips/090_011_870372.wav,274220,فَلَا اَ۪قْتَحَمَ اَ۬لْعَقَبَةَ
clips/090_012-84009.wav,208144,وَمَآ أَدْر۪يٰكَ مَا اَ۬لْعَقَبَةُ
clips/090_012_464484.wav,309932,وَمَآ أَدْر۪يٰكَ مَا اَ۬لْعَقَبَةُ
clips/090_012_592287.wav,953900,وَمَآ أَدْر۪يٰكَ مَا اَ۬لْعَقَبَةُ
clips/090_012_929929.wav,281452,وَمَآ أَدْر۪يٰكَ مَا اَ۬لْعَقَبَةُ
clips/090_013-81757.wav,77584,فَكُّ رَقَبَةٍ
clips/090_013_741748.wav,120482,فَكُّ رَقَبَةٍ
clips/090_013_762747.wav,97964,فَكُّ رَقَبَةٍ
clips/090_014-99742.wav,237892,اَوِ اِطْعَامٞ فِے يَوْمٖ ذِے مَسْغَبَةٖ
clips/090_014_285665.wav,504620,اَوِ اِطْعَامٞ فِے يَوْمٖ ذِے مَسْغَبَةٖ
clips/090_014_639691.wav,1322540,اَوِ اِطْعَامٞ فِے يَوْمٖ ذِے مَسْغَبَةٖ
clips/090_015-30763.wav,146654,يَتِيماٗ ذَا مَقْرَبَةٍ
clips/090_015_463243.wav,797228,يَتِيماٗ ذَا مَقْرَبَةٍ
clips/090_015_525874.wav,209368,يَتِيماٗ ذَا مَقْرَبَةٍ
clips/090_015_754488.wav,177452,يَتِيماٗ ذَا مَقْرَبَةٍ
clips/090_016-80042.wav,179318,اَوْ مِسْكِيناٗ ذَا مَتْرَبَةٖ
clips/090_016_275169.wav,203948,اَوْ مِسْكِيناٗ ذَا مَتْرَبَةٖ
clips/090_016_445153.wav,265766,اَوْ مِسْكِيناٗ ذَا مَتْرَبَةٖ
clips/090_016_749580.wav,1036844,اَوْ مِسْكِيناٗ ذَا مَتْرَبَةٖ
clips/090_017-66726.wav,497560,ثُمَّ كَانَ مِنَ اَ۬لذِينَ ءَامَنُواْ وَتَوَاصَوْاْ بِالصَّبْرِ وَتَوَاصَوْاْ بِالْمَرْحَمَةِ
clips/090_017_316306.wav,423980,ثُمَّ كَانَ مِنَ اَ۬لذِينَ ءَامَنُواْ وَتَوَاصَوْاْ بِالصَّبْرِ وَتَوَاصَوْاْ بِالْمَرْحَمَةِ
clips/090_017_420321.wav,2359340,ثُمَّ كَانَ مِنَ اَ۬لذِينَ ءَامَنُواْ وَتَوَاصَوْاْ بِالصَّبْرِ وَتَوَاصَوْاْ بِالْمَرْحَمَةِ
clips/090_017_548543.wav,570382,ثُمَّ كَانَ مِنَ اَ۬لذِينَ ءَامَنُواْ وَتَوَاصَوْاْ بِالصَّبْرِ وَتَوَاصَوْاْ بِالْمَرْحَمَةِ
clips/090_018-47547.wav,232754,أُوْلَٰٓئِكَ أَصْحَٰبُ اُ۬لْمَيْمَنَةِ
clips/090_018_286654.wav,305324,أُوْلَٰٓئِكَ أَصْحَٰبُ اُ۬لْمَيْمَنَةِ
clips/090_018_964934.wav,298628,أُوْلَٰٓئِكَ أَصْحَٰبُ اُ۬لْمَيْمَنَةِ
clips/090_019-85736.wav,437962,وَالذِينَ كَفَرُواْ بِـَٔايَٰتِنَا هُمُۥٓ أَصْحَٰبُ اُ۬لْمَشْـَٔمَةِ
clips/090_019_327012.wav,522978,وَالذِينَ كَفَرُواْ بِـَٔايَٰتِنَا هُمُۥٓ أَصْحَٰبُ اُ۬لْمَشْـَٔمَةِ
clips/090_019_924043.wav,419372,وَالذِينَ كَفَرُواْ بِـَٔايَٰتِنَا هُمُۥٓ أَصْحَٰبُ اُ۬لْمَشْـَٔمَةِ
clips/090_020-10298.wav,180186,عَلَيْهِمْ نَارٞ مُّوصَدَةٞ
clips/090_020_492592.wav,224396,عَلَيْهِمْ نَارٞ مُّوصَدَةٞ
clips/090_020_652800.wav,857132,عَلَيْهِمْ نَارٞ مُّوصَدَةٞ
clips/091_001_410585.wav,166498,وَالشَّمْسِ وَضُحَيٰهَا
clips/091_001_712073.wav,695852,وَالشَّمْسِ وَضُحَيٰهَا
clips/091_001_947127.wav,272816,وَالشَّمْسِ وَضُحَيٰهَا
clips/091_002-79763.wav,145848,وَالْقَمَرِ إِذَا تَلَيٰهَا
clips/091_002_555262.wav,187500,وَالْقَمَرِ إِذَا تَلَيٰهَا
clips/091_002_643306.wav,700460,وَالْقَمَرِ إِذَا تَلَيٰهَا
clips/091_003-78270.wav,197762,وَالنَّه۪ارِ إِذَا جَلَّيٰهَا
clips/091_003_210109.wav,239188,وَالنَّه۪ارِ إِذَا جَلَّيٰهَا
clips/091_003_479427.wav,958508,وَالنَّه۪ارِ إِذَا جَلَّيٰهَا
clips/091_003_761901.wav,407852,وَالنَّه۪ارِ إِذَا جَلَّيٰهَا
clips/091_004_548788.wav,792620,وَاليْلِ إِذَا يَغْشَيٰهَا
clips/091_004_701801.wav,297260,وَاليْلِ إِذَا يَغْشَيٰهَا
clips/091_005-94107.wav,220496,وَالسَّمَآءِ وَمَا بَنَيٰهَا
clips/091_005_692108.wav,288286,وَالسَّمَآءِ وَمَا بَنَيٰهَا
clips/091_005_803165.wav,497708,وَالسَّمَآءِ وَمَا بَنَيٰهَا
clips/091_006_242384.wav,331820,وَالَارْضِ وَمَا طَحَيٰهَا
clips/091_006_657820.wav,658988,وَالَارْضِ وَمَا طَحَيٰهَا
clips/091_007-82808.wav,175594,وَنَفْسٖ وَمَا سَوَّيٰهَا
clips/091_007_363379.wav,264294,وَنَفْسٖ وَمَا سَوَّيٰهَا
clips/091_007_765572.wav,317996,وَنَفْسٖ وَمَا سَوَّيٰهَا
clips/091_008-56246.wav,231374,فَأَلْهَمَهَا فُجُورَهَا وَتَقْوَيٰهَا
clips/091_008_541133.wav,986156,فَأَلْهَمَهَا فُجُورَهَا وَتَقْوَيٰهَا
clips/091_008_733911.wav,412460,فَأَلْهَمَهَا فُجُورَهَا وَتَقْوَيٰهَا
clips/091_008_783694.wav,275266,فَأَلْهَمَهَا فُجُورَهَا وَتَقْوَيٰهَا
clips/091_009-65526.wav,164244,قَدَ اَفْلَحَ مَن زَكَّيٰهَا
clips/091_009_471113.wav,283436,قَدَ اَفْلَحَ مَن زَكَّيٰهَا
clips/091_009_812352.wav,857132,قَدَ اَفْلَحَ مَن زَكَّيٰهَا
clips/091_010_255991.wav,944684,وَقَدْ خَابَ مَن دَسَّيٰهَا
clips/091_010_316965.wav,241320,وَقَدْ خَابَ مَن دَسَّيٰهَا
clips/091_010_387362.wav,370988,وَقَدْ خَابَ مَن دَسَّيٰهَا
clips/091_011_216614.wav,852524,كَذَّبَتْ ثَمُودُ بِطَغْوَيٰهَآ
clips/091_011_566048.wav,223760,كَذَّبَتْ ثَمُودُ بِطَغْوَيٰهَآ
clips/091_011_734602.wav,306476,كَذَّبَتْ ثَمُودُ بِطَغْوَيٰهَآ
clips/091_012-44797.wav,158822,إِذِ اِ۪نۢبَعَثَ أَشْقَيٰهَا
clips/091_012_287741.wav,852524,إِذِ اِ۪نۢبَعَثَ أَشْقَيٰهَا
clips/091_012_355001.wav,345644,إِذِ اِ۪نۢبَعَثَ أَشْقَيٰهَا
clips/091_012_570459.wav,229458,إِذِ اِ۪نۢبَعَثَ أَشْقَيٰهَا
clips/091_013-26000.wav,341446,فَقَالَ لَهُمْ رَسُولُ اُ۬للَّهِ نَاقَةَ اَ۬للَّهِ وَسُقْيَاهَا
clips/091_013_257999.wav,1387052,فَقَالَ لَهُمْ رَسُولُ اُ۬للَّهِ نَاقَةَ اَ۬للَّهِ وَسُقْيَاهَا
clips/091_013_664542.wav,642860,فَقَالَ لَهُمْ رَسُولُ اُ۬للَّهِ نَاقَةَ اَ۬للَّهِ وَسُقْيَاهَا
clips/091_014-65349.wav,502210,فَكَذَّبُوهُ فَعَقَرُوهَا فَدَمْدَمَ عَلَيْهِمْ رَبُّهُم بِذَنۢبِهِمْ فَسَوَّيٰهَا
clips/091_014_109257.wav,2253356,فَكَذَّبُوهُ فَعَقَرُوهَا فَدَمْدَمَ عَلَيْهِمْ رَبُّهُم بِذَنۢبِهِمْ فَسَوَّيٰهَا
clips/091_014_813151.wav,940076,فَكَذَّبُوهُ فَعَقَرُوهَا فَدَمْدَمَ عَلَيْهِمْ رَبُّهُم بِذَنۢبِهِمْ فَسَوَّيٰهَا
clips/091_015-22022.wav,160546,فَلَا يَخَافُ عُقْبَٰهَا
clips/091_015_144072.wav,206432,فَلَا يَخَافُ عُقْبَٰهَا
clips/091_015_182517.wav,324908,فَلَا يَخَافُ عُقْبَٰهَا
clips/091_015_790221.wav,792620,فَلَا يَخَافُ عُقْبَٰهَا
clips/092_001-34036.wav,139528,وَاليْلِ إِذَا يَغْش۪ىٰ
clips/092_001_136404.wav,682028,وَاليْلِ إِذَا يَغْش۪ىٰ
clips/092_001_442246.wav,229040,وَاليْلِ إِذَا يَغْش۪ىٰ
clips/092_002-67009.wav,166522,وَالنَّه۪ارِ إِذَا تَجَلّ۪ىٰ
clips/092_002_538798.wav,889388,وَالنَّه۪ارِ إِذَا تَجَلّ۪ىٰ
clips/092_002_881033.wav,423980,وَالنَّه۪ارِ إِذَا تَجَلّ۪ىٰ
clips/092_003-41861.wav,189020,وَمَا خَلَقَ اَ۬لذَّكَرَ وَالُانث۪ىٰٓ
clips/092_003_384818.wav,1009196,وَمَا خَلَقَ اَ۬لذَّكَرَ وَالُانث۪ىٰٓ
clips/092_004-76935.wav,162026,إِنَّ سَعْيَكُمْ لَشَتّ۪ىٰ
clips/092_004_130020.wav,903212,إِنَّ سَعْيَكُمْ لَشَتّ۪ىٰ
clips/092_004_621429.wav,250012,إِنَّ سَعْيَكُمْ لَشَتّ۪ىٰ
clips/092_004_933781.wav,359468,إِنَّ سَعْيَكُمْ لَشَتّ۪ىٰ
clips/092_005-64013.wav,182274,فَأَمَّا مَنَ اَعْط۪ىٰ وَاتَّق۪ىٰ
clips/092_005_739249.wav,990764,فَأَمَّا مَنَ اَعْط۪ىٰ وَاتَّق۪ىٰ
clips/092_006-36924.wav,123780,وَصَدَّقَ بِالْحُسْن۪ىٰ
clips/092_006_348541.wav,239660,وَصَدَّقَ بِالْحُسْن۪ىٰ
clips/092_006_667810.wav,161484,وَصَدَّقَ بِالْحُسْن۪ىٰ
clips/092_006_855466.wav,617516,وَصَدَّقَ بِالْحُسْن۪ىٰ
clips/092_007-75225.wav,166524,فَسَنُيَسِّرُهُۥ لِلْيُسْر۪ىٰ
clips/092_007_471631.wav,208528,فَسَنُيَسِّرُهُۥ لِلْيُسْر۪ىٰ
clips/092_007_759933.wav,806444,فَسَنُيَسِّرُهُۥ لِلْيُسْر۪ىٰ
clips/092_007_959170.wav,377900,فَسَنُيَسِّرُهُۥ لِلْيُسْر۪ىٰ
clips/092_008-71738.wav,207020,وَأَمَّا مَنۢ بَخِلَ وَاسْتَغْن۪ىٰ
clips/092_008_190245.wav,1202732,وَأَمَّا مَنۢ بَخِلَ وَاسْتَغْن۪ىٰ
clips/092_008_583385.wav,286100,وَأَمَّا مَنۢ بَخِلَ وَاسْتَغْن۪ىٰ
clips/092_008_977016.wav,396332,وَأَمَّا مَنۢ بَخِلَ وَاسْتَغْن۪ىٰ
clips/092_009-55737.wav,119280,وَكَذَّبَ بِالْحُسْن۪ىٰ
clips/092_009_187364.wav,164336,وَكَذَّبَ بِالْحُسْن۪ىٰ
clips/092_009_948692.wav,686636,وَكَذَّبَ بِالْحُسْن۪ىٰ
clips/092_010-45667.wav,171024,فَسَنُيَسِّرُهُۥ لِلْعُسْر۪ىٰ
clips/092_010_595549.wav,815660,فَسَنُيَسِّرُهُۥ لِلْعُسْر۪ىٰ
clips/092_010_764765.wav,210044,فَسَنُيَسِّرُهُۥ لِلْعُسْر۪ىٰ
clips/092_011_640948.wav,410892,وَمَا يُغْنِے عَنْهُ مَالُهُۥٓ إِذَا تَرَدّ۪ىٰٓ
clips/092_011_673927.wav,1419308,وَمَا يُغْنِے عَنْهُ مَالُهُۥٓ إِذَا تَرَدّ۪ىٰٓ
clips/092_012_154192.wav,231836,إِنَّ عَلَيْنَا لَلْهُد۪ىٰ
clips/092_012_435227.wav,857132,إِنَّ عَلَيْنَا لَلْهُد۪ىٰ
clips/092_012_637808.wav,308780,إِنَّ عَلَيْنَا لَلْهُد۪ىٰ
clips/092_013-88808.wav,312758,وَإِنَّ لَنَا لَلَاخِرَةَ وَالُاول۪ىٰ
clips/092_013_708694.wav,395266,وَإِنَّ لَنَا لَلَاخِرَةَ وَالُاول۪ىٰ
clips/092_013_899662.wav,1497644,وَإِنَّ لَنَا لَلَاخِرَةَ وَالُاول۪ىٰ
clips/092_014-12406.wav,234018,فَأَنذَرْتُكُمْ نَاراٗ تَلَظّ۪ىٰ
clips/092_014_427286.wav,332422,فَأَنذَرْتُكُمْ نَاراٗ تَلَظّ۪ىٰ
clips/092_014_442063.wav,1290284,فَأَنذَرْتُكُمْ نَاراٗ تَلَظّ۪ىٰ
clips/092_014_527787.wav,400940,فَأَنذَرْتُكُمْ نَاراٗ تَلَظّ۪ىٰ
clips/092_015-86878.wav,243016,لَا يَصْلَيٰهَآ إِلَّا اَ۬لَاشْقَي
clips/092_015_592066.wav,638252,لَا يَصْلَيٰهَآ إِلَّا اَ۬لَاشْقَي
clips/092_015_884834.wav,320182,لَا يَصْلَيٰهَآ إِلَّا اَ۬لَاشْقَي
clips/092_016-81932.wav,173272,اَ۬لذِے كَذَّبَ وَتَوَلّ۪ىٰ
clips/092_016_383276.wav,211894,اَ۬لذِے كَذَّبَ وَتَوَلّ۪ىٰ
clips/092_016_749618.wav,806444,اَ۬لذِے كَذَّبَ وَتَوَلّ۪ىٰ
clips/092_017-96566.wav,146278,وَسَيُجَنَّبُهَا اَ۬لَاتْقَي
clips/092_017_131498.wav,225836,وَسَيُجَنَّبُهَا اَ۬لَاتْقَي
clips/092_018-77190.wav,240768,اَ۬لذِے يُوتِے مَالَهُۥ يَتَزَكّ۪ىٰ
clips/092_018_412859.wav,1027628,اَ۬لذِے يُوتِے مَالَهُۥ يَتَزَكّ۪ىٰ
clips/092_019-97941.wav,308260,وَمَا لِأَحَدٍ عِندَهُۥ مِن نِّعْمَةٖ تُجْز۪ىٰٓ
clips/092_019_260627.wav,649772,وَمَا لِأَحَدٍ عِندَهُۥ مِن نِّعْمَةٖ تُجْز۪ىٰٓ
clips/092_019_802096.wav,394728,وَمَا لِأَحَدٍ عِندَهُۥ مِن نِّعْمَةٖ تُجْز۪ىٰٓ
clips/092_020-92445.wav,270014,إِلَّا اَ۪بْتِغَآءَ وَجْهِ رَبِّهِ اِ۬لَاعْل۪ىٰ
clips/092_020_444302.wav,1239596,إِلَّا اَ۪بْتِغَآءَ وَجْهِ رَبِّهِ اِ۬لَاعْل۪ىٰ
clips/092_020_820561.wav,333440,إِلَّا اَ۪بْتِغَآءَ وَجْهِ رَبِّهِ اِ۬لَاعْل۪ىٰ
clips/092_020_959971.wav,695852,إِلَّا اَ۪بْتِغَآءَ وَجْهِ رَبِّهِ اِ۬لَاعْل۪ىٰ
clips/092_021-31740.wav,113238,وَلَسَوْفَ يَرْض۪ىٰ
clips/092_021_320237.wav,529964,وَلَسَوْفَ يَرْض۪ىٰ
clips/092_021_779895.wav,228140,وَلَسَوْفَ يَرْض۪ىٰ
clips/093_001-35344.wav,64522,وَالضُّح۪ىٰ
clips/093_001_127049.wav,387116,وَالضُّح۪ىٰ
clips/093_001_584873.wav,105710,وَالضُّح۪ىٰ
clips/093_001_849374.wav,58094,وَالضُّح۪ىٰ
clips/093_002-39160.wav,124256,وَاليْلِ إِذَا سَج۪ىٰ
clips/093_002_183533.wav,691244,وَاليْلِ إِذَا سَج۪ىٰ
clips/093_002_343944.wav,195884,وَاليْلِ إِذَا سَج۪ىٰ
clips/093_002_834616.wav,166090,وَاليْلِ إِذَا سَج۪ىٰ
clips/093_003-59340.wav,194760,مَا وَدَّعَكَ رَبُّكَ وَمَا قَل۪ىٰ
clips/093_003_150313.wav,237414,مَا وَدَّعَكَ رَبُّكَ وَمَا قَل۪ىٰ
clips/093_003_241613.wav,391724,مَا وَدَّعَكَ رَبُّكَ وَمَا قَل۪ىٰ
clips/093_003_269426.wav,889388,مَا وَدَّعَكَ رَبُّكَ وَمَا قَل۪ىٰ
clips/093_004-54546.wav,286822,وَلَلَاخِرَةُ خَيْرٞ لَّكَ مِنَ اَ۬لُاول۪ىٰ
clips/093_004_239062.wav,1433132,وَلَلَاخِرَةُ خَيْرٞ لَّكَ مِنَ اَ۬لُاول۪ىٰ
clips/093_004_629285.wav,407852,وَلَلَاخِرَةُ خَيْرٞ لَّكَ مِنَ اَ۬لُاول۪ىٰ
clips/093_005-53834.wav,219856,وَلَسَوْفَ يُعْطِيكَ رَبُّكَ فَتَرْض۪ىٰٓ
clips/093_005_283373.wav,437804,وَلَسَوْفَ يُعْطِيكَ رَبُّكَ فَتَرْض۪ىٰٓ
clips/093_005_495960.wav,259722,وَلَسَوْفَ يُعْطِيكَ رَبُّكَ فَتَرْض۪ىٰٓ
clips/093_006_118052.wav,347046,أَلَمْ يَجِدْكَ يَتِيماٗ فَـَٔاو۪ىٰ
clips/093_006_825197.wav,1437740,أَلَمْ يَجِدْكَ يَتِيماٗ فَـَٔاو۪ىٰ
clips/093_007-49656.wav,248274,وَوَجَدَكَ ضَآلّاٗ فَهَد۪ىٰ
clips/093_007_506777.wav,345366,وَوَجَدَكَ ضَآلّاٗ فَهَد۪ىٰ
clips/093_007_961936.wav,723500,وَوَجَدَكَ ضَآلّاٗ فَهَد۪ىٰ
clips/093_008-81733.wav,231504,وَوَجَدَكَ عَآئِلاٗ فَأَغْن۪ىٰ
clips/093_008_390642.wav,354680,وَوَجَدَكَ عَآئِلاٗ فَأَغْن۪ىٰ
clips/093_008_857128.wav,686636,وَوَجَدَكَ عَآئِلاٗ فَأَغْن۪ىٰ
clips/093_008_895200.wav,1234988,وَوَجَدَكَ عَآئِلاٗ فَأَغْن۪ىٰ
clips/093_009-58323.wav,192412,فَأَمَّا اَ۬لْيَتِيمَ فَلَا تَقْهَرْ
clips/093_009_238528.wav,1004588,فَأَمَّا اَ۬لْيَتِيمَ فَلَا تَقْهَرْ
clips/093_009_740446.wav,394028,فَأَمَّا اَ۬لْيَتِيمَ فَلَا تَقْهَرْ
clips/093_010-58348.wav,255488,وَأَمَّا اَ۬لسَّآئِلَ فَلَا تَنْهَرْ
clips/093_010_431875.wav,686636,وَأَمَّا اَ۬لسَّآئِلَ فَلَا تَنْهَرْ
clips/093_010_982831.wav,326186,وَأَمَّا اَ۬لسَّآئِلَ فَلَا تَنْهَرْ
clips/093_011-75698.wav,206074,وَأَمَّا بِنِعْمَةِ رَبِّكَ فَحَدِّثَ
clips/093_011_141025.wav,278862,وَأَمَّا بِنِعْمَةِ رَبِّكَ فَحَدِّثَ
clips/093_011_226932.wav,428588,وَأَمَّا بِنِعْمَةِ رَبِّكَ فَحَدِّثَ
clips/093_011_796996.wav,999980,وَأَمَّا بِنِعْمَةِ رَبِّكَ فَحَدِّثَ
clips/094_001-72367.wav,134828,اَلَمْ نَشْرَحْ لَكَ صَدْرَكَ
clips/094_001_281445.wav,174734,اَلَمْ نَشْرَحْ لَكَ صَدْرَكَ
clips/094_001_534734.wav,229040,اَلَمْ نَشْرَحْ لَكَ صَدْرَكَ
clips/094_001_584511.wav,705068,اَلَمْ نَشْرَحْ لَكَ صَدْرَكَ
clips/094_002-93139.wav,159020,وَوَضَعْنَا عَنكَ وِزْرَكَ
clips/094_002_130787.wav,866348,وَوَضَعْنَا عَنكَ وِزْرَكَ
clips/094_002_605645.wav,259680,وَوَضَعْنَا عَنكَ وِزْرَكَ
clips/094_002_658626.wav,262700,وَوَضَعْنَا عَنكَ وِزْرَكَ
clips/094_003-59906.wav,216620,اَ۬لذِےٓ أَنقَضَ ظَهْرَكَ
clips/094_003_815221.wav,322228,اَ۬لذِےٓ أَنقَضَ ظَهْرَكَ
clips/094_004-56181.wav,130220,وَرَفَعْنَا لَكَ ذِكْرَكَ
clips/094_004_166733.wav,185800,وَرَفَعْنَا لَكَ ذِكْرَكَ
clips/094_004_993722.wav,614444,وَرَفَعْنَا لَكَ ذِكْرَكَ
clips/094_005-48426.wav,165932,فَإِنَّ مَعَ اَ۬لْعُسْرِ يُسْراً
clips/094_005_418074.wav,244588,فَإِنَّ مَعَ اَ۬لْعُسْرِ يُسْراً
clips/094_005_706702.wav,1013804,فَإِنَّ مَعَ اَ۬لْعُسْرِ يُسْراً
clips/094_006-84703.wav,159020,اِنَّ مَعَ اَ۬لْعُسْرِ يُسْراٗ
clips/094_006_213330.wav,228312,اِنَّ مَعَ اَ۬لْعُسْرِ يُسْراٗ
clips/094_006_309622.wav,168236,اِنَّ مَعَ اَ۬لْعُسْرِ يُسْراٗ
clips/094_006_546080.wav,912428,اِنَّ مَعَ اَ۬لْعُسْرِ يُسْراٗ
clips/094_007-28103.wav,150956,فَإِذَا فَرَغْتَ فَانصَبْ
clips/094_007_123898.wav,137132,فَإِذَا فَرَغْتَ فَانصَبْ
clips/094_008-35869.wav,146348,وَإِلَىٰ رَبِّكَ فَارْغَبْ
clips/094_008_694586.wav,608300,وَإِلَىٰ رَبِّكَ فَارْغَبْ
clips/094_008_710602.wav,174694,وَإِلَىٰ رَبِّكَ فَارْغَبْ
clips/095_001-47080.wav,219310,وَالتِّينِ وَالزَّيْتُونِ
clips/095_001_263265.wav,870956,وَالتِّينِ وَالزَّيْتُونِ
clips/095_001_579511.wav,208304,وَالتِّينِ وَالزَّيْتُونِ
clips/095_001_836519.wav,206584,وَالتِّينِ وَالزَّيْتُونِ
clips/095_002_420471.wav,88748,وَطُورِ سِينِينَ
clips/095_002_750248.wav,741932,وَطُورِ سِينِينَ
clips/095_003-50178.wav,185936,وَهَٰذَا اَ۬لْبَلَدِ اِ۬لَامِينِ
clips/095_003_405337.wav,221748,وَهَٰذَا اَ۬لْبَلَدِ اِ۬لَامِينِ
clips/095_003_775582.wav,290348,وَهَٰذَا اَ۬لْبَلَدِ اِ۬لَامِينِ
clips/095_004-55993.wav,397298,لَقَدْ خَلَقْنَا اَ۬لِانسَٰنَ فِےٓ أَحْسَنِ تَقْوِيمٖ
clips/095_004_344556.wav,1691180,لَقَدْ خَلَقْنَا اَ۬لِانسَٰنَ فِےٓ أَحْسَنِ تَقْوِيمٖ
clips/095_004_449489.wav,406700,لَقَدْ خَلَقْنَا اَ۬لِانسَٰنَ فِےٓ أَحْسَنِ تَقْوِيمٖ
clips/095_005_156535.wav,1290284,ثُمَّ رَدَدْنَٰهُ أَسْفَلَ سَٰفِلِينَ
clips/095_005_480639.wav,365304,ثُمَّ رَدَدْنَٰهُ أَسْفَلَ سَٰفِلِينَ
clips/095_005_729432.wav,247724,ثُمَّ رَدَدْنَٰهُ أَسْفَلَ سَٰفِلِينَ
clips/095_006-92417.wav,619786,إِلَّا اَ۬لذِينَ ءَامَنُواْ وَعَمِلُواْ اُ۬لصَّٰلِحَٰتِ فَلَهُمُۥٓ أَجْرٌ غَيْرُ مَمْنُونٖ
clips/095_006_320301.wav,697310,إِلَّا اَ۬لذِينَ ءَامَنُواْ وَعَمِلُواْ اُ۬لصَّٰلِحَٰتِ فَلَهُمُۥٓ أَجْرٌ غَيْرُ مَمْنُونٖ
clips/095_006_438889.wav,2700332,إِلَّا اَ۬لذِينَ ءَامَنُواْ وَعَمِلُواْ اُ۬لصَّٰلِحَٰتِ فَلَهُمُۥٓ أَجْرٌ غَيْرُ مَمْنُونٖ
clips/095_007_332144.wav,1105964,فَمَا يُكَذِّبُكَ بَعْدُ بِالدِّينِ
clips/095_007_545414.wav,212012,فَمَا يُكَذِّبُكَ بَعْدُ بِالدِّينِ
clips/095_008-88436.wav,295590,أَلَيْسَ اَ۬للَّهُ بِأَحْكَمِ اِ۬لْحَٰكِمِينَ
clips/095_008_577112.wav,1156652,أَلَيْسَ اَ۬للَّهُ بِأَحْكَمِ اِ۬لْحَٰكِمِينَ
clips/096_001-15934.wav,184364,اَ۪قْرَأْ بِاسْمِ رَبِّكَ اَ۬لذِے خَلَقَ
clips/096_001_407849.wav,227180,اَ۪قْرَأْ بِاسْمِ رَبِّكَ اَ۬لذِے خَلَقَ
clips/096_001_528330.wav,852524,اَ۪قْرَأْ بِاسْمِ رَبِّكَ اَ۬لذِے خَلَقَ
clips/096_001_609570.wav,355760,اَ۪قْرَأْ بِاسْمِ رَبِّكَ اَ۬لذِے خَلَقَ
clips/096_002_562868.wav,354860,خَلَقَ اَ۬لِانسَٰنَ مِنْ عَلَقٍ
clips/096_002_654205.wav,811052,خَلَقَ اَ۬لِانسَٰنَ مِنْ عَلَقٍ
clips/096_002_938334.wav,230046,خَلَقَ اَ۬لِانسَٰنَ مِنْ عَلَقٍ
clips/096_003-32271.wav,130220,اِ۪قْرَأْ وَرَبُّكَ اَ۬لَاكْرَمُ
clips/096_003_339572.wav,178926,اِ۪قْرَأْ وَرَبُّكَ اَ۬لَاكْرَمُ
clips/096_003_713892.wav,216620,اِ۪قْرَأْ وَرَبُّكَ اَ۬لَاكْرَمُ
clips/096_003_733284.wav,672812,اِ۪قْرَأْ وَرَبُّكَ اَ۬لَاكْرَمُ
clips/096_004_773295.wav,255788,اُ۬لذِے عَلَّمَ بِالْقَلَمِ
clips/096_004_782255.wav,191708,اُ۬لذِے عَلَّمَ بِالْقَلَمِ
clips/096_004_956214.wav,705068,اُ۬لذِے عَلَّمَ بِالْقَلَمِ
clips/096_005_114035.wav,252332,عَلَّمَ اَ۬لِانسَٰنَ مَا لَمْ يَعْلَمْ
clips/096_005_476877.wav,277540,عَلَّمَ اَ۬لِانسَٰنَ مَا لَمْ يَعْلَمْ
clips/096_005_743148.wav,1036844,عَلَّمَ اَ۬لِانسَٰنَ مَا لَمْ يَعْلَمْ
clips/096_006-54744.wav,266156,كَلَّآ إِنَّ اَ۬لِانسَٰنَ لَيَطْغ۪ىٰٓ
clips/096_006_593114.wav,381898,كَلَّآ إِنَّ اَ۬لِانسَٰنَ لَيَطْغ۪ىٰٓ
clips/096_006_911211.wav,370988,كَلَّآ إِنَّ اَ۬لِانسَٰنَ لَيَطْغ۪ىٰٓ
clips/096_007_113754.wav,163628,أَن رّ۪ء۪اهُ اُ۪سْتَغْن۪ىٰٓ
clips/096_007_623338.wav,1147436,أَن رّ۪ء۪اهُ اُ۪سْتَغْن۪ىٰٓ
clips/096_008_267073.wav,230352,إِنَّ إِلَىٰ رَبِّكَ اَ۬لرُّجْع۪ىٰٓ
clips/096_008_583706.wav,203948,إِنَّ إِلَىٰ رَبِّكَ اَ۬لرُّجْع۪ىٰٓ
clips/096_008_868518.wav,935468,إِنَّ إِلَىٰ رَبِّكَ اَ۬لرُّجْع۪ىٰٓ
clips/096_010-18388.wav,112940,عَبْداً اِذَا صَلّ۪ىٰٓ
clips/096_009_357834.wav,1211948,أَرَٰٓيْتَ اَ۬لذِے يَنْه۪ىٰ
clips/096_009_888954.wav,289666,أَرَٰٓيْتَ اَ۬لذِے يَنْه۪ىٰ
clips/096_010_725200.wav,276524,عَبْداً اِذَا صَلّ۪ىٰٓ
clips/096_010_979979.wav,585260,عَبْداً اِذَا صَلّ۪ىٰٓ
clips/096_011-27667.wav,261548,أَرَٰٓيْتَ إِن كَانَ عَلَى اَ۬لْهُد۪ىٰٓ
clips/096_011_304750.wav,349100,أَرَٰٓيْتَ إِن كَانَ عَلَى اَ۬لْهُد۪ىٰٓ
clips/096_011_684607.wav,1410092,أَرَٰٓيْتَ إِن كَانَ عَلَى اَ۬لْهُد۪ىٰٓ
clips/096_012-32452.wav,112940,أَوَ اَمَرَ بِالتَّقْو۪ىٰٓ
clips/096_012_381449.wav,153512,أَوَ اَمَرَ بِالتَّقْو۪ىٰٓ
clips/096_012_503069.wav,553004,أَوَ اَمَرَ بِالتَّقْو۪ىٰٓ
clips/096_012_739339.wav,137132,أَوَ اَمَرَ بِالتَّقْو۪ىٰٓ
clips/096_013-46775.wav,275372,أَرَٰٓيْتَ إِن كَذَّبَ وَتَوَلّ۪ىٰٓ
clips/096_013_242117.wav,1640492,أَرَٰٓيْتَ إِن كَذَّبَ وَتَوَلّ۪ىٰٓ
clips/096_013_922730.wav,349100,أَرَٰٓيْتَ إِن كَذَّبَ وَتَوَلّ۪ىٰٓ
clips/096_013_975285.wav,362104,أَرَٰٓيْتَ إِن كَذَّبَ وَتَوَلّ۪ىٰٓ
clips/096_014-93537.wav,217772,أَلَمْ يَعْلَم بِأَنَّ اَ۬للَّهَ يَر۪ىٰ
clips/096_014_123484.wav,303012,أَلَمْ يَعْلَم بِأَنَّ اَ۬للَّهَ يَر۪ىٰ
clips/096_014_455693.wav,265004,أَلَمْ يَعْلَم بِأَنَّ اَ۬للَّهَ يَر۪ىٰ
clips/096_014_724183.wav,1211948,أَلَمْ يَعْلَم بِأَنَّ اَ۬للَّهَ يَر۪ىٰ
clips/096_015-23473.wav,222380,كَلَّا لَئِن لَّمْ يَنتَهِ
clips/096_015_636322.wav,277874,كَلَّا لَئِن لَّمْ يَنتَهِ
clips/096_016_461947.wav,847916,لَنَسْفَعاَۢ بِالنَّاصِيَةِ
clips/096_016_721890.wav,314342,لَنَسْفَعاَۢ بِالنَّاصِيَةِ
clips/096_016_843600.wav,302128,لَنَسْفَعاَۢ بِالنَّاصِيَةِ
clips/096_017-50022.wav,210860,نَاصِيَةٖ كَٰذِبَةٍ خَاطِئَةٖ
clips/096_017_125275.wav,283166,نَاصِيَةٖ كَٰذِبَةٍ خَاطِئَةٖ
clips/096_017_165439.wav,1032236,نَاصِيَةٖ كَٰذِبَةٍ خَاطِئَةٖ
clips/096_017_552104.wav,407852,نَاصِيَةٖ كَٰذِبَةٍ خَاطِئَةٖ
clips/096_018_344069.wav,207404,فَلْيَدْعُ نَادِيَهُۥ
clips/096_018_663577.wav,548396,فَلْيَدْعُ نَادِيَهُۥ
clips/096_019-36161.wav,114092,سَنَدْعُ اُ۬لزَّبَانِيَةَ
clips/096_019_403589.wav,585260,سَنَدْعُ اُ۬لزَّبَانِيَةَ
clips/096_019_468807.wav,163654,سَنَدْعُ اُ۬لزَّبَانِيَةَ
clips/096_019_737939.wav,248876,سَنَدْعُ اُ۬لزَّبَانِيَةَ
clips/096_020-25167.wav,244268,كَلَّا لَا تُطِعْهُ وَاسْجُدْ وَاقْتَرِبِ۩
clips/096_020_951996.wav,926252,كَلَّا لَا تُطِعْهُ وَاسْجُدْ وَاقْتَرِبِ۩
clips/097_001-47016.wav,312236,اِنَّآ أَنزَلْنَٰهُ فِے لَيْلَةِ اِ۬لْقَدْرِ
clips/097_001_447265.wav,1571372,اِنَّآ أَنزَلْنَٰهُ فِے لَيْلَةِ اِ۬لْقَدْرِ
clips/097_002-75822.wav,253484,وَمَآ أَدْر۪يٰكَ مَا لَيْلَةُ اُ۬لْقَدْرِ
clips/097_002_335936.wav,332670,وَمَآ أَدْر۪يٰكَ مَا لَيْلَةُ اُ۬لْقَدْرِ
clips/097_002_422626.wav,339884,وَمَآ أَدْر۪يٰكَ مَا لَيْلَةُ اُ۬لْقَدْرِ
clips/097_002_978091.wav,1161260,وَمَآ أَدْر۪يٰكَ مَا لَيْلَةُ اُ۬لْقَدْرِ
clips/097_003_196175.wav,313020,لَيْلَةُ اُ۬لْقَدْرِ خَيْرٞ مِّنَ اَلْفِ شَهْرٖ
clips/097_003_993847.wav,1036844,لَيْلَةُ اُ۬لْقَدْرِ خَيْرٞ مِّنَ اَلْفِ شَهْرٖ
clips/097_004-73654.wav,482732,تَنَزَّلُ اُ۬لْمَلَٰٓئِكَةُ وَالرُّوحُ فِيهَا بِإِذْنِ رَبِّهِم مِّن كُلِّ أَمْرٖ
clips/097_004_469481.wav,543788,تَنَزَّلُ اُ۬لْمَلَٰٓئِكَةُ وَالرُّوحُ فِيهَا بِإِذْنِ رَبِّهِم مِّن كُلِّ أَمْرٖ
clips/097_004_631687.wav,2382380,تَنَزَّلُ اُ۬لْمَلَٰٓئِكَةُ وَالرُّوحُ فِيهَا بِإِذْنِ رَبِّهِم مِّن كُلِّ أَمْرٖ
clips/097_004_653543.wav,569480,تَنَزَّلُ اُ۬لْمَلَٰٓئِكَةُ وَالرُّوحُ فِيهَا بِإِذْنِ رَبِّهِم مِّن كُلِّ أَمْرٖ
clips/097_005-62696.wav,203948,سَلَٰمٌ هِيَ حَتَّىٰ مَطْلَعِ اِ۬لْفَجْرِ
clips/097_005_180134.wav,226988,سَلَٰمٌ هِيَ حَتَّىٰ مَطْلَعِ اِ۬لْفَجْرِ
clips/097_005_839681.wav,926252,سَلَٰمٌ هِيَ حَتَّىٰ مَطْلَعِ اِ۬لْفَجْرِ
clips/098_001-75612.wav,486548,لَمْ يَكُنِ اِ۬لذِينَ كَفَرُواْ مِنَ اَهْلِ اِ۬لْكِتَٰبِ وَالْمُشْرِكِينَ مُنفَكِّينَ حَتَّىٰ تَاتِيَهُمُ اُ۬لْبَيِّنَةُ
clips/098_001_599791.wav,472220,لَمْ يَكُنِ اِ۬لذِينَ كَفَرُواْ مِنَ اَهْلِ اِ۬لْكِتَٰبِ وَالْمُشْرِكِينَ مُنفَكِّينَ حَتَّىٰ تَاتِيَهُمُ اُ۬لْبَيِّنَةُ
clips/098_001_706558.wav,611834,لَمْ يَكُنِ اِ۬لذِينَ كَفَرُواْ مِنَ اَهْلِ اِ۬لْكِتَٰبِ وَالْمُشْرِكِينَ مُنفَكِّينَ حَتَّىٰ تَاتِيَهُمُ اُ۬لْبَيِّنَةُ
clips/098_002-98327.wav,265866,رَسُولٞ مِّنَ اَ۬للَّهِ يَتْلُواْ صُحُفاٗ مُّطَهَّرَةٗ
clips/098_002_151765.wav,296108,رَسُولٞ مِّنَ اَ۬للَّهِ يَتْلُواْ صُحُفاٗ مُّطَهَّرَةٗ
clips/098_002_460707.wav,1566764,رَسُولٞ مِّنَ اَ۬للَّهِ يَتْلُواْ صُحُفاٗ مُّطَهَّرَةٗ
clips/098_002_781892.wav,375548,رَسُولٞ مِّنَ اَ۬للَّهِ يَتْلُواْ صُحُفاٗ مُّطَهَّرَةٗ
clips/098_003_201370.wav,185516,فِيهَا كُتُبٞ قَيِّمَةٞ
clips/098_003_300800.wav,223704,فِيهَا كُتُبٞ قَيِّمَةٞ
clips/098_003_371782.wav,884780,فِيهَا كُتُبٞ قَيِّمَةٞ
clips/099_001-73555.wav,183212,إِذَا زُلْزِلَتِ اِ۬لَارْضُ زِلْزَالَهَا
clips/099_001_665638.wav,181358,إِذَا زُلْزِلَتِ اِ۬لَارْضُ زِلْزَالَهَا
clips/099_002-13151.wav,160172,وَأَخْرَجَتِ اِ۬لَارْضُ أَثْقَالَهَا
clips/099_002_509222.wav,212226,وَأَخْرَجَتِ اِ۬لَارْضُ أَثْقَالَهَا
clips/099_002_608099.wav,811052,وَأَخْرَجَتِ اِ۬لَارْضُ أَثْقَالَهَا
clips/099_002_609872.wav,269612,وَأَخْرَجَتِ اِ۬لَارْضُ أَثْقَالَهَا
clips/099_003-97122.wav,169388,وَقَالَ اَ۬لِانسَٰنُ مَا لَهَا
clips/099_003_735271.wav,368684,وَقَالَ اَ۬لِانسَٰنُ مَا لَهَا
clips/099_003_870874.wav,995372,وَقَالَ اَ۬لِانسَٰنُ مَا لَهَا
clips/099_004-70509.wav,206252,يَوْمَئِذٖ تُحَدِّثُ أَخْبَارَهَا
clips/099_004_461815.wav,370988,يَوْمَئِذٖ تُحَدِّثُ أَخْبَارَهَا
clips/099_004_491470.wav,268442,يَوْمَئِذٖ تُحَدِّثُ أَخْبَارَهَا
clips/099_004_943373.wav,1092140,يَوْمَئِذٖ تُحَدِّثُ أَخْبَارَهَا
clips/099_005-42340.wav,164780,بِأَنَّ رَبَّكَ أَوْح۪ىٰ لَهَا
clips/099_005_378018.wav,935468,بِأَنَّ رَبَّكَ أَوْح۪ىٰ لَهَا
clips/099_005_789021.wav,234002,بِأَنَّ رَبَّكَ أَوْح۪ىٰ لَهَا
clips/099_006-34886.wav,229292,يَوْمَئِذٖ يَصْدُرُ اُ۬لنَّاسُ أَشْتَاتاٗ
clips/099_006_463781.wav,264644,يَوْمَئِذٖ يَصْدُرُ اُ۬لنَّاسُ أَشْتَاتاٗ
clips/099_006_667452.wav,1244204,يَوْمَئِذٖ يَصْدُرُ اُ۬لنَّاسُ أَشْتَاتاٗ
clips/099_006_864059.wav,235978,يَوْمَئِذٖ يَصْدُرُ اُ۬لنَّاسُ أَشْتَاتاٗ
clips/099_007-57555.wav,101420,لِّيُرَوَاْ اَعْمَٰلَهُمْ
clips/099_007_211625.wav,479276,لِّيُرَوَاْ اَعْمَٰلَهُمْ
clips/099_007_613560.wav,113166,لِّيُرَوَاْ اَعْمَٰلَهُمْ
clips/099_008-17848.wav,255788,فَمَنْ يَّعْمَلْ مِثْقَالَ ذَرَّةٍ خَيْراٗ يَرَهُۥ
clips/099_008_298993.wav,1488428,فَمَنْ يَّعْمَلْ مِثْقَالَ ذَرَّةٍ خَيْراٗ يَرَهُۥ
clips/099_008_400549.wav,265004,فَمَنْ يَّعْمَلْ مِثْقَالَ ذَرَّةٍ خَيْراٗ يَرَهُۥ
clips/099_008_819347.wav,376062,فَمَنْ يَّعْمَلْ مِثْقَالَ ذَرَّةٍ خَيْراٗ يَرَهُۥ
clips/099_009-56494.wav,282284,وَمَنْ يَّعْمَلْ مِثْقَالَ ذَرَّةٖ شَرّاٗ يَرَهُۥ
clips/099_009_262039.wav,1585196,وَمَنْ يَّعْمَلْ مِثْقَالَ ذَرَّةٖ شَرّاٗ يَرَهُۥ
clips/099_009_322416.wav,339884,وَمَنْ يَّعْمَلْ مِثْقَالَ ذَرَّةٖ شَرّاٗ يَرَهُۥ
clips/099_009_403934.wav,421048,وَمَنْ يَّعْمَلْ مِثْقَالَ ذَرَّةٖ شَرّاٗ يَرَهُۥ
clips/100_001-89945.wav,141740,وَالْعَٰدِيَٰتِ ضَبْحاٗ
clips/100_001_239885.wav,275120,وَالْعَٰدِيَٰتِ ضَبْحاٗ
clips/100_001_918000.wav,718892,وَالْعَٰدِيَٰتِ ضَبْحاٗ
clips/100_002-97298.wav,125612,فَالْمُورِيَٰتِ قَدْحاٗ
clips/100_002_327939.wav,285740,فَالْمُورِيَٰتِ قَدْحاٗ
clips/100_002_754254.wav,166594,فَالْمُورِيَٰتِ قَدْحاٗ
clips/100_002_887732.wav,732716,فَالْمُورِيَٰتِ قَدْحاٗ
clips/100_003-80517.wav,132524,فَالْمُغِيرَٰتِ صُبْحاٗ
clips/100_003_167240.wav,179128,فَالْمُغِيرَٰتِ صُبْحاٗ
clips/100_003_266411.wav,274220,فَالْمُغِيرَٰتِ صُبْحاٗ
clips/100_003_817151.wav,737324,فَالْمُغِيرَٰتِ صُبْحاٗ
clips/100_004_510926.wav,695852,فَأَثَرْنَ بِهِۦ نَقْعاٗ
clips/100_004_619599.wav,239660,فَأَثَرْنَ بِهِۦ نَقْعاٗ
clips/100_004_866828.wav,178084,فَأَثَرْنَ بِهِۦ نَقْعاٗ
clips/100_005_984170.wav,686636,فَوَسَطْنَ بِهِۦ جَمْعاً
clips/100_006-74628.wav,250028,اِنَّ اَ۬لِانسَٰنَ لِرَبِّهِۦ لَكَنُودٞ
clips/100_006_734297.wav,343370,اِنَّ اَ۬لِانسَٰنَ لِرَبِّهِۦ لَكَنُودٞ
clips/100_006_889059.wav,1497644,اِنَّ اَ۬لِانسَٰنَ لِرَبِّهِۦ لَكَنُودٞ
clips/100_007_182244.wav,302152,وَإِنَّهُۥ عَلَىٰ ذَٰلِكَ لَشَهِيدٞ
clips/100_007_235040.wav,238508,وَإِنَّهُۥ عَلَىٰ ذَٰلِكَ لَشَهِيدٞ
clips/100_007_923565.wav,1354796,وَإِنَّهُۥ عَلَىٰ ذَٰلِكَ لَشَهِيدٞ
clips/100_008-41300.wav,247724,وَإِنَّهُۥ لِحُبِّ اِ۬لْخَيْرِ لَشَدِيدٌ
clips/100_008_467568.wav,315890,وَإِنَّهُۥ لِحُبِّ اِ۬لْخَيْرِ لَشَدِيدٌ
clips/100_008_545806.wav,247724,وَإِنَّهُۥ لِحُبِّ اِ۬لْخَيْرِ لَشَدِيدٌ
clips/100_008_554892.wav,1244204,وَإِنَّهُۥ لِحُبِّ اِ۬لْخَيْرِ لَشَدِيدٌ
clips/100_009-89679.wav,284588,اَفَلَا يَعْلَمُ إِذَا بُعْثِرَ مَا فِے اِ۬لْقُبُورِ
clips/100_009_382610.wav,362078,اَفَلَا يَعْلَمُ إِذَا بُعْثِرَ مَا فِے اِ۬لْقُبُورِ
clips/100_009_478529.wav,247724,اَفَلَا يَعْلَمُ إِذَا بُعْثِرَ مَا فِے اِ۬لْقُبُورِ
clips/100_010_481749.wav,146348,وَحُصِّلَ مَا فِے اِ۬لصُّدُورِ
clips/100_010_564299.wav,242270,وَحُصِّلَ مَا فِے اِ۬لصُّدُورِ
clips/100_011-64587.wav,277676,إِنَّ رَبَّهُم بِهِمْ يَوْمَئِذٖ لَّخَبِيرٌ
clips/100_011_560354.wav,416796,إِنَّ رَبَّهُم بِهِمْ يَوْمَئِذٖ لَّخَبِيرٌ
clips/100_011_700457.wav,291500,إِنَّ رَبَّهُم بِهِمْ يَوْمَئِذٖ لَّخَبِيرٌ
clips/100_011_856308.wav,1506860,إِنَّ رَبَّهُم بِهِمْ يَوْمَئِذٖ لَّخَبِيرٌ
clips/101_001-59090.wav,165932,اِ۬لْقَارِعَةُ مَا اَ۬لْقَارِعَةُ
clips/101_001_862045.wav,183780,اِ۬لْقَارِعَةُ مَا اَ۬لْقَارِعَةُ
clips/101_001_929190.wav,926252,اِ۬لْقَارِعَةُ مَا اَ۬لْقَارِعَةُ
clips/101_002-62246.wav,222380,وَمَآ أَدْر۪يٰكَ مَا اَ۬لْقَارِعَةُ
clips/101_002_702060.wav,309932,وَمَآ أَدْر۪يٰكَ مَا اَ۬لْقَارِعَةُ
clips/101_002_826787.wav,304418,وَمَآ أَدْر۪يٰكَ مَا اَ۬لْقَارِعَةُ
clips/101_003-95893.wav,288044,يَوْمَ يَكُونُ اُ۬لنَّاسُ كَالْفَرَاشِ اِ۬لْمَبْثُوثِ
clips/101_003_103057.wav,1437740,يَوْمَ يَكُونُ اُ۬لنَّاسُ كَالْفَرَاشِ اِ۬لْمَبْثُوثِ
clips/101_003_138195.wav,367088,يَوْمَ يَكُونُ اُ۬لنَّاسُ كَالْفَرَاشِ اِ۬لْمَبْثُوثِ
clips/101_003_770673.wav,305324,يَوْمَ يَكُونُ اُ۬لنَّاسُ كَالْفَرَاشِ اِ۬لْمَبْثُوثِ
clips/101_004-35051.wav,265004,وَتَكُونُ اُ۬لْجِبَالُ كَالْعِهْنِ اِ۬لْمَنفُوشِ
clips/101_004_110797.wav,243116,وَتَكُونُ اُ۬لْجِبَالُ كَالْعِهْنِ اِ۬لْمَنفُوشِ
clips/101_004_454809.wav,1423916,وَتَكُونُ اُ۬لْجِبَالُ كَالْعِهْنِ اِ۬لْمَنفُوشِ
clips/101_005_174338.wav,1129004,فَأَمَّا مَن ثَقُلَتْ مَوَٰزِينُهُۥ
clips/101_005_585402.wav,493100,فَأَمَّا مَن ثَقُلَتْ مَوَٰزِينُهُۥ
clips/101_005_916962.wav,297518,فَأَمَّا مَن ثَقُلَتْ مَوَٰزِينُهُۥ
clips/101_006-23967.wav,178604,فَهُوَ فِے عِيشَةٖ رَّاضِيَةٖ
clips/101_006_276204.wav,210174,فَهُوَ فِے عِيشَةٖ رَّاضِيَةٖ
clips/101_006_474369.wav,783404,فَهُوَ فِے عِيشَةٖ رَّاضِيَةٖ
clips/101_006_858715.wav,357164,فَهُوَ فِے عِيشَةٖ رَّاضِيَةٖ
clips/101_007-50367.wav,213164,وَأَمَّا مَنْ خَفَّتْ مَوَٰزِينُهُۥ
clips/101_007_112117.wav,370988,وَأَمَّا مَنْ خَفَّتْ مَوَٰزِينُهُۥ
clips/101_007_552286.wav,253658,وَأَمَّا مَنْ خَفَّتْ مَوَٰزِينُهُۥ
clips/101_007_988591.wav,995372,وَأَمَّا مَنْ خَفَّتْ مَوَٰزِينُهُۥ
clips/101_008_262234.wav,695852,فَأُمُّهُۥ هَاوِيَةٞ
clips/101_008_566849.wav,294956,فَأُمُّهُۥ هَاوِيَةٞ
clips/101_008_860744.wav,200340,فَأُمُّهُۥ هَاوِيَةٞ
clips/101_009-35330.wav,221228,وَمَآ أَدْر۪يٰكَ مَا هِيَهْ
clips/101_009_248321.wav,527660,وَمَآ أَدْر۪يٰكَ مَا هِيَهْ
clips/101_009_434724.wav,283858,وَمَآ أَدْر۪يٰكَ مَا هِيَهْ
clips/101_009_568942.wav,981548,وَمَآ أَدْر۪يٰكَ مَا هِيَهْ
clips/101_010-23362.wav,111788,نَارٌ حَامِيَةٌ
clips/101_010_165529.wav,138974,نَارٌ حَامِيَةٌ
clips/102_001-59049.wav,134828,اَلْه۪يٰكُمُ اُ۬لتَّكَاثُرُ
clips/102_001_123259.wav,224432,اَلْه۪يٰكُمُ اُ۬لتَّكَاثُرُ
clips/102_001_451874.wav,168162,اَلْه۪يٰكُمُ اُ۬لتَّكَاثُرُ
clips/102_001_570455.wav,631340,اَلْه۪يٰكُمُ اُ۬لتَّكَاثُرُ
clips/102_002-53986.wav,162476,حَتَّىٰ زُرْتُمُ اُ۬لْمَقَابِرَ
clips/102_002_107583.wav,194244,حَتَّىٰ زُرْتُمُ اُ۬لْمَقَابِرَ
clips/102_002_228457.wav,705068,حَتَّىٰ زُرْتُمُ اُ۬لْمَقَابِرَ
clips/102_002_712113.wav,327212,حَتَّىٰ زُرْتُمُ اُ۬لْمَقَابِرَ
clips/102_003-51836.wav,229292,كَلَّا سَوْفَ تَعْلَمُونَ
clips/102_003_543571.wav,870956,كَلَّا سَوْفَ تَعْلَمُونَ
clips/102_003_996915.wav,230444,كَلَّا سَوْفَ تَعْلَمُونَ
clips/102_004-64985.wav,263852,ثُمَّ كَلَّا سَوْفَ تَعْلَمُونَ
clips/102_004_550649.wav,168236,ثُمَّ كَلَّا سَوْفَ تَعْلَمُونَ
clips/102_004_804601.wav,1147436,ثُمَّ كَلَّا سَوْفَ تَعْلَمُونَ
clips/102_004_938795.wav,314674,ثُمَّ كَلَّا سَوْفَ تَعْلَمُونَ
clips/102_005-45259.wav,288044,كَلَّا لَوْ تَعْلَمُونَ عِلْمَ اَ۬لْيَقِينِ
clips/102_005_139692.wav,230444,كَلَّا لَوْ تَعْلَمُونَ عِلْمَ اَ۬لْيَقِينِ
clips/102_006-71170.wav,173996,لَتَرَوُنَّ اَ۬لْجَحِيمَ
clips/102_006_491456.wav,260396,لَتَرَوُنَّ اَ۬لْجَحِيمَ
clips/102_006_617918.wav,967724,لَتَرَوُنَّ اَ۬لْجَحِيمَ
clips/102_007-34269.wav,282284,ثُمَّ لَتَرَوُنَّهَا عَيْنَ اَ۬لْيَقِينِ
clips/102_007_668035.wav,395348,ثُمَّ لَتَرَوُنَّهَا عَيْنَ اَ۬لْيَقِينِ
clips/102_007_849942.wav,511532,ثُمَّ لَتَرَوُنَّهَا عَيْنَ اَ۬لْيَقِينِ
clips/102_007_982617.wav,1400876,ثُمَّ لَتَرَوُنَّهَا عَيْنَ اَ۬لْيَقِينِ
clips/103_001-23548.wav,220076,وَالْعَصْرِ إِنَّ اَ۬لِانسَٰنَ لَفِے خُسْرٍ
clips/103_001_666901.wav,1290284,وَالْعَصْرِ إِنَّ اَ۬لِانسَٰنَ لَفِے خُسْرٍ
clips/103_001_793573.wav,306472,وَالْعَصْرِ إِنَّ اَ۬لِانسَٰنَ لَفِے خُسْرٍ
clips/103_002-64623.wav,445868,اِلَّا اَ۬لذِينَ ءَامَنُواْ وَعَمِلُواْ اُ۬لصَّٰلِحَٰتِ وَتَوَاصَوْاْ بِالْحَقِّ
clips/103_002_562437.wav,441044,اِلَّا اَ۬لذِينَ ءَامَنُواْ وَعَمِلُواْ اُ۬لصَّٰلِحَٰتِ وَتَوَاصَوْاْ بِالْحَقِّ
clips/103_002_880137.wav,1764908,اِلَّا اَ۬لذِينَ ءَامَنُواْ وَعَمِلُواْ اُ۬لصَّٰلِحَٰتِ وَتَوَاصَوْاْ بِالْحَقِّ
clips/103_003-18484.wav,138284,وَتَوَاصَوْاْ بِالصَّبْرِ
clips/103_003_635154.wav,493100,وَتَوَاصَوْاْ بِالصَّبْرِ
clips/103_003_859045.wav,115280,وَتَوَاصَوْاْ بِالصَّبْرِ
clips/104_001-89843.wav,177452,وَيْلٞ لِّكُلِّ هُمَزَةٖ لُّمَزَةٍ
clips/104_001_574697.wav,221490,وَيْلٞ لِّكُلِّ هُمَزَةٖ لُّمَزَةٍ
clips/104_001_888536.wav,150254,وَيْلٞ لِّكُلِّ هُمَزَةٖ لُّمَزَةٍ
clips/104_002-63346.wav,186668,اِ۬لذِے جَمَعَ مَالاٗ وَعَدَّدَهُۥ
clips/104_002_129012.wav,221228,اِ۬لذِے جَمَعَ مَالاٗ وَعَدَّدَهُۥ
clips/104_002_189116.wav,990764,اِ۬لذِے جَمَعَ مَالاٗ وَعَدَّدَهُۥ
clips/104_002_312215.wav,252906,اِ۬لذِے جَمَعَ مَالاٗ وَعَدَّدَهُۥ
clips/104_003-52642.wav,238508,يَحْسِبُ أَنَّ مَالَهُۥٓ أَخْلَدَهُۥ
clips/104_003_284509.wav,336140,يَحْسِبُ أَنَّ مَالَهُۥٓ أَخْلَدَهُۥ
clips/104_003_537153.wav,1271852,يَحْسِبُ أَنَّ مَالَهُۥٓ أَخْلَدَهُۥ
clips/104_003_645330.wav,322604,يَحْسِبُ أَنَّ مَالَهُۥٓ أَخْلَدَهُۥ
clips/104_004-48272.wav,256940,كَلَّا لَيُنۢبَذَنَّ فِے اِ۬لْحُطَمَةِ
clips/104_004_330065.wav,1142828,كَلَّا لَيُنۢبَذَنَّ فِے اِ۬لْحُطَمَةِ
clips/104_004_516617.wav,389420,كَلَّا لَيُنۢبَذَنَّ فِے اِ۬لْحُطَمَةِ
clips/104_004_762300.wav,349578,كَلَّا لَيُنۢبَذَنَّ فِے اِ۬لْحُطَمَةِ
clips/104_005-11346.wav,223532,وَمَآ أَدْر۪يٰكَ مَا اَ۬لْحُطَمَةُ
clips/104_005_127102.wav,576044,وَمَآ أَدْر۪يٰكَ مَا اَ۬لْحُطَمَةُ
clips/104_005_780811.wav,1069100,وَمَآ أَدْر۪يٰكَ مَا اَ۬لْحُطَمَةُ
clips/104_006-59828.wav,159020,نَارُ اُ۬للَّهِ اِ۬لْمُوقَدَةُ
clips/104_006_332722.wav,322604,نَارُ اُ۬للَّهِ اِ۬لْمُوقَدَةُ
clips/104_006_805445.wav,178736,نَارُ اُ۬للَّهِ اِ۬لْمُوقَدَةُ
clips/104_007-14084.wav,188972,اُ۬لتِے تَطَّلِعُ عَلَى اَ۬لَافْـِٕدَةِ
clips/104_007_521110.wav,222920,اُ۬لتِے تَطَّلِعُ عَلَى اَ۬لَافْـِٕدَةِ
clips/104_007_985526.wav,861740,اُ۬لتِے تَطَّلِعُ عَلَى اَ۬لَافْـِٕدَةِ
clips/104_008-15199.wav,195884,إِنَّهَا عَلَيْهِم مُّوصَدَةٞ
clips/104_008_437555.wav,267422,إِنَّهَا عَلَيْهِم مُّوصَدَةٞ
clips/104_008_527231.wav,444716,إِنَّهَا عَلَيْهِم مُّوصَدَةٞ
clips/104_009-25315.wav,146348,فِے عَمَدٖ مُّمَدَّدَةٍ
clips/104_009_155644.wav,847916,فِے عَمَدٖ مُّمَدَّدَةٍ
clips/104_009_687604.wav,354860,فِے عَمَدٖ مُّمَدَّدَةٍ
clips/104_009_694972.wav,213412,فِے عَمَدٖ مُّمَدَّدَةٍ
clips/105_001-50390.wav,284588,اَلَمْ تَرَ كَيْفَ فَعَلَ رَبُّكَ بِأَصْحَٰبِ اِ۬لْفِيلِ
clips/105_001_526121.wav,369714,اَلَمْ تَرَ كَيْفَ فَعَلَ رَبُّكَ بِأَصْحَٰبِ اِ۬لْفِيلِ
clips/105_002-59136.wav,236204,أَلَمْ يَجْعَلْ كَيْدَهُمْ فِے تَضْلِيلٖ
clips/105_002_410704.wav,221228,أَلَمْ يَجْعَلْ كَيْدَهُمْ فِے تَضْلِيلٖ
clips/105_002_418074.wav,318136,أَلَمْ يَجْعَلْ كَيْدَهُمْ فِے تَضْلِيلٖ
clips/105_002_643698.wav,1101356,أَلَمْ يَجْعَلْ كَيْدَهُمْ فِے تَضْلِيلٖ
clips/105_003-70384.wav,232748,وَأَرْسَلَ عَلَيْهِمْ طَيْراً اَبَابِيلَ
clips/105_003_402579.wav,1101356,وَأَرْسَلَ عَلَيْهِمْ طَيْراً اَبَابِيلَ
clips/105_003_808247.wav,300914,وَأَرْسَلَ عَلَيْهِمْ طَيْراً اَبَابِيلَ
clips/105_003_981190.wav,212012,وَأَرْسَلَ عَلَيْهِمْ طَيْراً اَبَابِيلَ
clips/105_004-96594.wav,299564,تَرْمِيهِم بِحِجَارَةٖ مِّن سِجِّيلٖ
clips/105_004_211925.wav,445518,تَرْمِيهِم بِحِجَارَةٖ مِّن سِجِّيلٖ
clips/105_004_889567.wav,1612844,تَرْمِيهِم بِحِجَارَةٖ مِّن سِجِّيلٖ
clips/105_005-73663.wav,220076,فَجَعَلَهُمْ كَعَصْفٖ مَّاكُولٖ
clips/105_005_110917.wav,221228,فَجَعَلَهُمْ كَعَصْفٖ مَّاكُولٖ
clips/105_005_160295.wav,1179692,فَجَعَلَهُمْ كَعَصْفٖ مَّاكُولٖ
clips/106_001-93525.wav,178604,لِّإِيلَٰفِ قُرَيْشٍ
clips/106_001_226516.wav,277398,لِّإِيلَٰفِ قُرَيْشٍ
clips/106_001_693837.wav,1092140,لِّإِيلَٰفِ قُرَيْشٍ
clips/106_002-38778.wav,372140,اِيلَٰفِهِمْ رِحْلَةَ اَ۬لشِّتَآءِ وَالصَّيْفِ
clips/106_002_745368.wav,1857068,اِيلَٰفِهِمْ رِحْلَةَ اَ۬لشِّتَآءِ وَالصَّيْفِ
clips/106_002_906609.wav,469174,اِيلَٰفِهِمْ رِحْلَةَ اَ۬لشِّتَآءِ وَالصَّيْفِ
clips/106_003-68774.wav,215468,فَلْيَعْبُدُواْ رَبَّ هَٰذَا اَ۬لْبَيْتِ
clips/106_003_257070.wav,1133612,فَلْيَعْبُدُواْ رَبَّ هَٰذَا اَ۬لْبَيْتِ
clips/106_003_515527.wav,274220,فَلْيَعْبُدُواْ رَبَّ هَٰذَا اَ۬لْبَيْتِ
clips/106_003_647676.wav,304418,فَلْيَعْبُدُواْ رَبَّ هَٰذَا اَ۬لْبَيْتِ
clips/106_004-14903.wav,281132,اِ۬لذِےٓ أَطْعَمَهُم مِّن جُوعٖ
clips/106_004_127746.wav,352844,اِ۬لذِےٓ أَطْعَمَهُم مِّن جُوعٖ
clips/106_004_473060.wav,1345580,اِ۬لذِےٓ أَطْعَمَهُم مِّن جُوعٖ
clips/106_004_739777.wav,396944,اِ۬لذِےٓ أَطْعَمَهُم مِّن جُوعٖ
clips/106_005-26406.wav,235052,وَءَامَنَهُم مِّنْ خَوْفٍ
clips/106_005_259805.wav,1188908,وَءَامَنَهُم مِّنْ خَوْفٍ
clips/106_005_449802.wav,273932,وَءَامَنَهُم مِّنْ خَوْفٍ
clips/106_005_958607.wav,370290,وَءَامَنَهُم مِّنْ خَوْفٍ
clips/107_001-90920.wav,311084,اَرَٰٓيْتَ اَ۬لذِے يُكَذِّبُ بِالدِّينِ
clips/107_001_258828.wav,395456,اَرَٰٓيْتَ اَ۬لذِے يُكَذِّبُ بِالدِّينِ
clips/107_001_755565.wav,1575980,اَرَٰٓيْتَ اَ۬لذِے يُكَذِّبُ بِالدِّينِ
clips/107_001_824108.wav,611504,اَرَٰٓيْتَ اَ۬لذِے يُكَذِّبُ بِالدِّينِ
clips/107_002-48107.wav,225836,فَذَٰلِكَ اَ۬لذِے يَدُعُّ اُ۬لْيَتِيمَ
clips/107_002_663174.wav,283632,فَذَٰلِكَ اَ۬لذِے يَدُعُّ اُ۬لْيَتِيمَ
clips/107_002_896169.wav,405548,فَذَٰلِكَ اَ۬لذِے يَدُعُّ اُ۬لْيَتِيمَ
clips/107_002_970464.wav,1050668,فَذَٰلِكَ اَ۬لذِے يَدُعُّ اُ۬لْيَتِيمَ
clips/107_003-40416.wav,274220,وَلَا يَحُضُّ عَلَىٰ طَعَامِ اِ۬لْمِسْكِينِ
clips/107_003_127585.wav,1207340,وَلَا يَحُضُّ عَلَىٰ طَعَامِ اِ۬لْمِسْكِينِ
clips/107_003_411021.wav,417338,وَلَا يَحُضُّ عَلَىٰ طَعَامِ اِ۬لْمِسْكِينِ
clips/107_003_923344.wav,325726,وَلَا يَحُضُّ عَلَىٰ طَعَامِ اِ۬لْمِسْكِينِ
clips/107_004-88235.wav,212012,فَوَيْلٞ لِّلْمُصَلِّينَ
clips/107_004_538968.wav,249782,فَوَيْلٞ لِّلْمُصَلِّينَ
clips/107_004_575493.wav,241810,فَوَيْلٞ لِّلْمُصَلِّينَ
clips/107_004_577338.wav,940076,فَوَيْلٞ لِّلْمُصَلِّينَ
clips/107_005-38197.wav,296108,اَ۬لذِينَ هُمْ عَن صَلَاتِهِمْ سَاهُونَ
clips/107_005_690990.wav,1557548,اَ۬لذِينَ هُمْ عَن صَلَاتِهِمْ سَاهُونَ
clips/107_005_866254.wav,516140,اَ۬لذِينَ هُمْ عَن صَلَاتِهِمْ سَاهُونَ
clips/107_006_461661.wav,578938,اَ۬لذِينَ هُمْ يُرَآءُونَ وَيَمْنَعُونَ اَ۬لْمَاعُونَ
clips/107_006_589597.wav,2170412,اَ۬لذِينَ هُمْ يُرَآءُونَ وَيَمْنَعُونَ اَ۬لْمَاعُونَ
clips/108_001-11472.wav,247724,إِنَّآ أَعْطَيْنَٰكَ اَ۬لْكَوْثَرَ
clips/108_001_336796.wav,1221164,إِنَّآ أَعْطَيْنَٰكَ اَ۬لْكَوْثَرَ
clips/108_001_633068.wav,313838,إِنَّآ أَعْطَيْنَٰكَ اَ۬لْكَوْثَرَ
clips/108_002-81244.wav,139436,فَصَلِّ لِرَبِّكَ وَانْحَرِ
clips/108_002_166795.wav,645164,فَصَلِّ لِرَبِّكَ وَانْحَرِ
clips/108_002_187562.wav,150956,فَصَلِّ لِرَبِّكَ وَانْحَرِ
clips/108_002_522318.wav,191826,فَصَلِّ لِرَبِّكَ وَانْحَرِ
clips/108_003-34660.wav,160172,اِنَّ شَانِئَكَ هُوَ اَ۬لَابْتَرُ
clips/108_003_440516.wav,861740,اِنَّ شَانِئَكَ هُوَ اَ۬لَابْتَرُ
clips/108_003_763809.wav,219438,اِنَّ شَانِئَكَ هُوَ اَ۬لَابْتَرُ
clips/108_003_785820.wav,177452,اِنَّ شَانِئَكَ هُوَ اَ۬لَابْتَرُ
clips/109_001-19972.wav,248876,قُلْ يَٰٓأَيُّهَا اَ۬لْكَٰفِرُونَ
clips/109_001_138947.wav,316906,قُلْ يَٰٓأَيُّهَا اَ۬لْكَٰفِرُونَ
clips/109_001_220567.wav,304622,قُلْ يَٰٓأَيُّهَا اَ۬لْكَٰفِرُونَ
clips/109_002-41946.wav,265004,لَآ أَعْبُدُ مَا تَعْبُدُونَ
clips/109_002_376180.wav,1188908,لَآ أَعْبُدُ مَا تَعْبُدُونَ
clips/109_002_721508.wav,325222,لَآ أَعْبُدُ مَا تَعْبُدُونَ
clips/109_002_913251.wav,313388,لَآ أَعْبُدُ مَا تَعْبُدُونَ
clips/109_003_165596.wav,445978,وَلَآ أَنتُمْ عَٰبِدُونَ مَآ أَعْبُدُ
clips/109_003_184969.wav,494252,وَلَآ أَنتُمْ عَٰبِدُونَ مَآ أَعْبُدُ
clips/109_004-97626.wav,260396,وَلَآ أَنَا عَابِدٞ مَّا عَبَدتُّمْ
clips/109_004_139737.wav,1313324,وَلَآ أَنَا عَابِدٞ مَّا عَبَدتُّمْ
clips/109_004_242431.wav,360004,وَلَآ أَنَا عَابِدٞ مَّا عَبَدتُّمْ
clips/109_005-95520.wav,324908,وَلَآ أَنتُمْ عَٰبِدُونَ مَآ أَعْبُدُ
clips/109_005_412573.wav,486188,وَلَآ أَنتُمْ عَٰبِدُونَ مَآ أَعْبُدُ
clips/109_005_765593.wav,1589804,وَلَآ أَنتُمْ عَٰبِدُونَ مَآ أَعْبُدُ
clips/109_005_968005.wav,496690,وَلَآ أَنتُمْ عَٰبِدُونَ مَآ أَعْبُدُ
clips/109_006_138207.wav,246006,لَكُمْ دِينُكُمْ وَلِيَ دِينِ
clips/109_006_488937.wav,168236,لَكُمْ دِينُكُمْ وَلِيَ دِينِ
clips/109_006_989822.wav,912428,لَكُمْ دِينُكُمْ وَلِيَ دِينِ
clips/110_001_178898.wav,295928,إِذَا جَآءَ نَصْرُ اُ۬للَّهِ وَالْفَتْحُ
clips/110_001_617317.wav,315210,إِذَا جَآءَ نَصْرُ اُ۬للَّهِ وَالْفَتْحُ
clips/110_001_684616.wav,1129004,إِذَا جَآءَ نَصْرُ اُ۬للَّهِ وَالْفَتْحُ
clips/110_002_457187.wav,349100,وَرَأَيْتَ اَ۬لنَّاسَ يَدْخُلُونَ فِے دِينِ اِ۬للَّهِ أَفْوَاجاٗ
clips/110_002_545730.wav,428568,وَرَأَيْتَ اَ۬لنَّاسَ يَدْخُلُونَ فِے دِينِ اِ۬للَّهِ أَفْوَاجاٗ
clips/110_002_645205.wav,1520684,وَرَأَيْتَ اَ۬لنَّاسَ يَدْخُلُونَ فِے دِينِ اِ۬للَّهِ أَفْوَاجاٗ
clips/110_003_127958.wav,353708,فَسَبِّحْ بِحَمْدِ رَبِّكَ وَاسْتَغْفِرْهُ إِنَّهُۥ كَانَ تَوَّاباٗ
clips/110_003_279835.wav,1709612,فَسَبِّحْ بِحَمْدِ رَبِّكَ وَاسْتَغْفِرْهُ إِنَّهُۥ كَانَ تَوَّاباٗ
clips/111_001_455056.wav,1364012,تَبَّتْ يَدَآ أَبِے لَهَبٖ وَتَبَّ
clips/111_001_635123.wav,309230,تَبَّتْ يَدَآ أَبِے لَهَبٖ وَتَبَّ
clips/111_001_921608.wav,359084,تَبَّتْ يَدَآ أَبِے لَهَبٖ وَتَبَّ
clips/111_002-89809.wav,315692,مَآ أَغْن۪ىٰ عَنْهُ مَالُهُۥ وَمَا كَسَبَ
clips/111_002_610585.wav,365502,مَآ أَغْن۪ىٰ عَنْهُ مَالُهُۥ وَمَا كَسَبَ
clips/111_002_650285.wav,358316,مَآ أَغْن۪ىٰ عَنْهُ مَالُهُۥ وَمَا كَسَبَ
clips/111_003-31985.wav,194732,سَيَصْلَىٰ نَاراٗ ذَاتَ لَهَبٖ
clips/111_003_517927.wav,256390,سَيَصْلَىٰ نَاراٗ ذَاتَ لَهَبٖ
clips/111_003_995681.wav,912428,سَيَصْلَىٰ نَاراٗ ذَاتَ لَهَبٖ
clips/111_004-99008.wav,197036,وَامْرَأَتُهُۥ حَمَّالَةُ اُ۬لْحَطَبِ
clips/111_004_239410.wav,258824,وَامْرَأَتُهُۥ حَمَّالَةُ اُ۬لْحَطَبِ
clips/111_004_430668.wav,926252,وَامْرَأَتُهُۥ حَمَّالَةُ اُ۬لْحَطَبِ
clips/111_004_912433.wav,216620,وَامْرَأَتُهُۥ حَمَّالَةُ اُ۬لْحَطَبِ
clips/111_005-61605.wav,212012,فِے جِيدِهَا حَبْلٞ مِّن مَّسَدٖ
clips/111_005_142287.wav,225836,فِے جِيدِهَا حَبْلٞ مِّن مَّسَدٖ
clips/111_005_352249.wav,1023020,فِے جِيدِهَا حَبْلٞ مِّن مَّسَدٖ
clips/112_001-70492.wav,131372,قُلْ هُوَ اَ۬للَّهُ أَحَدٌ
clips/112_001_492425.wav,159676,قُلْ هُوَ اَ۬للَّهُ أَحَدٌ
clips/112_001_605268.wav,608300,قُلْ هُوَ اَ۬للَّهُ أَحَدٌ
clips/112_001_902129.wav,96632,قُلْ هُوَ اَ۬للَّهُ أَحَدٌ
clips/112_002-84875.wav,99116,اِ۬للَّهُ اُ۬لصَّمَدُ
clips/112_002_169894.wav,140246,اِ۬للَّهُ اُ۬لصَّمَدُ
clips/112_002_299726.wav,119852,اِ۬للَّهُ اُ۬لصَّمَدُ
clips/112_003-41612.wav,131372,لَمْ يَلِدْ وَلَمْ يُولَدْ
clips/112_003_201435.wav,150956,لَمْ يَلِدْ وَلَمْ يُولَدْ
clips/112_003_250575.wav,165430,لَمْ يَلِدْ وَلَمْ يُولَدْ
clips/112_003_685150.wav,608300,لَمْ يَلِدْ وَلَمْ يُولَدْ
clips/112_004-44450.wav,168236,وَلَمْ يَكُن لَّهُۥ كُفُؤاً اَحَدٞ
clips/112_004_280982.wav,723500,وَلَمْ يَكُن لَّهُۥ كُفُؤاً اَحَدٞ
clips/113_001-60261.wav,134828,قُلَ اَعُوذُ بِرَبِّ اِ۬لْفَلَقِ
clips/113_001_527996.wav,142190,قُلَ اَعُوذُ بِرَبِّ اِ۬لْفَلَقِ
clips/113_002-65598.wav,131372,مِن شَرِّ مَا خَلَقَ
clips/113_002_579079.wav,235052,مِن شَرِّ مَا خَلَقَ
clips/113_002_683737.wav,626732,مِن شَرِّ مَا خَلَقَ
clips/113_002_699100.wav,184922,مِن شَرِّ مَا خَلَقَ
clips/113_003_635464.wav,389420,وَمِن شَرِّ غَاسِقٍ اِذَا وَقَبَ
clips/113_003_690929.wav,907820,وَمِن شَرِّ غَاسِقٍ اِذَا وَقَبَ
clips/113_003_722845.wav,251344,وَمِن شَرِّ غَاسِقٍ اِذَا وَقَبَ
clips/113_004_231235.wav,321158,وَمِن شَرِّ اِ۬لنَّفَّٰثَٰتِ فِے اِ۬لْعُقَدِ
clips/113_004_483671.wav,256940,وَمِن شَرِّ اِ۬لنَّفَّٰثَٰتِ فِے اِ۬لْعُقَدِ
clips/113_005-60740.wav,200492,وَمِن شَرِّ حَاسِدٍ اِذَا حَسَدَ
clips/113_005_123962.wav,267566,وَمِن شَرِّ حَاسِدٍ اِذَا حَسَدَ
clips/113_005_182072.wav,199340,وَمِن شَرِّ حَاسِدٍ اِذَا حَسَدَ
clips/113_005_724507.wav,917036,وَمِن شَرِّ حَاسِدٍ اِذَا حَسَدَ
clips/114_001_428815.wav,1032236,قُلَ اَعُوذُ بِرَبِّ اِ۬لنَّاسِ
clips/114_001_524933.wav,284462,قُلَ اَعُوذُ بِرَبِّ اِ۬لنَّاسِ
clips/114_001_808750.wav,252080,قُلَ اَعُوذُ بِرَبِّ اِ۬لنَّاسِ
clips/114_002-84447.wav,123308,مَلِكِ اِ۬لنَّاسِ
clips/114_002_156250.wav,179756,مَلِكِ اِ۬لنَّاسِ
clips/114_002_359284.wav,238864,مَلِكِ اِ۬لنَّاسِ
clips/114_003-79796.wav,146348,إِلَٰهِ اِ۬لنَّاسِ
clips/114_003_605618.wav,889388,إِلَٰهِ اِ۬لنَّاسِ
clips/114_003_733304.wav,263904,إِلَٰهِ اِ۬لنَّاسِ
clips/114_004_524113.wav,1336364,مِن شَرِّ اِ۬لْوَسْوَاسِ اِ۬لْخَنَّاسِ
clips/114_004_884313.wav,376222,مِن شَرِّ اِ۬لْوَسْوَاسِ اِ۬لْخَنَّاسِ
clips/114_004_891749.wav,472364,مِن شَرِّ اِ۬لْوَسْوَاسِ اِ۬لْخَنَّاسِ
clips/114_005-25144.wav,296108,اِ۬لذِے يُوَسْوِسُ فِے صُدُورِ اِ۬لنَّاسِ
clips/114_005_144643.wav,359302,اِ۬لذِے يُوَسْوِسُ فِے صُدُورِ اِ۬لنَّاسِ
clips/114_005_306130.wav,447020,اِ۬لذِے يُوَسْوِسُ فِے صُدُورِ اِ۬لنَّاسِ
clips/114_005_517886.wav,1294892,اِ۬لذِے يُوَسْوِسُ فِے صُدُورِ اِ۬لنَّاسِ
clips/114_006-85182.wav,208556,مِنَ اَ۬لْجِنَّةِ وَالنَّاسِ
clips/114_006_227071.wav,437804,مِنَ اَ۬لْجِنَّةِ وَالنَّاسِ
clips/114_006_363390.wav,1184300,مِنَ اَ۬لْجِنَّةِ وَالنَّاس
clips/114_006_607886.wav,347092,مِنَ اَ۬لْجِنَّةِ وَالنَّاسِ
clips/098_001_920155.wav,2492972,لَمْ يَكُنِ اِ۬لذِينَ كَفَرُواْ مِنَ اَهْلِ اِ۬لْكِتَٰبِ وَالْمُشْرِكِينَ مُنفَكِّينَ حَتَّىٰ تَاتِيَهُمُ اُ۬لْبَيِّنَةُ
clips/091_014_434836.wav,602736,فَكَذَّبُوهُ فَعَقَرُوهَا فَدَمْدَمَ عَلَيْهِمْ رَبُّهُم بِذَنۢبِهِمْ فَسَوَّيٰهَا
